Ego_vx,Ego_vy,Ego_Yawrate,CycleNum
0,NULL,1.99896,0
0.046875,NULL,1.99896,1
0.140625,NULL,-0.00012207,2
0.28125,NULL,-6.10352e-05,3
0.46875,NULL,0,4
0.703125,NULL,0,5
0.9375,NULL,0.000305176,6
1.17188,NULL,0.000427246,7
1.40625,NULL,0.000549316,8
1.64063,NULL,0.000732422,9
1.875,NULL,0.000793457,10
2.10938,NULL,0.0010376,11
2.34375,NULL,0.00158691,12
2.57813,NULL,0.00195313,13
2.8125,NULL,0.0020752,14
3.04688,NULL,0.00177002,15
3.28125,NULL,0.0012207,16
3.51563,NULL,0.000915527,17
3.75,NULL,0.000915527,18
3.98438,NULL,0.00134277,19
4.21875,NULL,0.00164795,20
4.45313,NULL,0.00146484,21
4.6875,NULL,0.00109863,22
4.92188,NULL,0.000488281,23
5.15625,NULL,0.000183105,24
5.39063,NULL,0.000427246,25
5.625,NULL,0.000610352,26
5.85938,NULL,0.000793457,27
6.09375,NULL,0.000732422,28
6.32813,NULL,0.000732422,29
6.5625,NULL,0.000671387,30
6.79688,NULL,0.000671387,31
7.03125,NULL,0.000671387,32
7.26563,NULL,0.000305176,33
7.5,NULL,6.10352e-05,34
7.73438,NULL,0,35
7.96875,NULL,0.00012207,36
8.20313,NULL,0.000366211,37
8.4375,NULL,0.000610352,38
8.67188,NULL,0.000244141,39
8.90625,NULL,-0.000305176,40
9.14063,NULL,-0.000732422,41
9.375,NULL,-0.000915527,42
9.60938,NULL,-0.000427246,43
9.84375,NULL,0.00012207,44
10.0781,NULL,0.000244141,45
10.3125,NULL,0.000244141,46
10.5469,NULL,0,47
10.7813,NULL,-6.10352e-05,48
11.0156,NULL,0.000305176,49
11.25,NULL,0.000732422,50
11.4844,NULL,0.000793457,51
11.7188,NULL,0.000671387,52
11.9531,NULL,0.000305176,53
12.1875,NULL,0,54
12.4219,NULL,0,55
12.6563,NULL,0.00012207,56
12.8906,NULL,0.000610352,57
13.125,NULL,0.0012207,58
13.3594,NULL,0.00152588,59
13.5938,NULL,0.00164795,60
13.8281,NULL,0.00189209,61
14.0625,NULL,0.00189209,62
14.2969,NULL,0.00231934,63
14.5313,NULL,0.00250244,64
14.7656,NULL,0.00183105,65
15,NULL,0.00134277,66
15.2344,NULL,0.000793457,67
15.4688,NULL,0.000610352,68
15.6641,NULL,0.000915527,69
15.8164,NULL,0.000915527,70
15.9219,NULL,0.000549316,71
15.9805,NULL,-0.00012207,72
15.9883,NULL,-0.00115967,73
15.9883,NULL,-0.00146484,74
15.9883,NULL,-0.0012207,75
15.9844,NULL,-0.000732422,76
15.9844,NULL,0,77
15.9844,NULL,0.000427246,78
15.9844,NULL,0.000549316,79
15.9844,NULL,0.000793457,80
15.9844,NULL,0.00140381,81
15.9844,NULL,0.00152588,82
15.9844,NULL,0.00183105,83
15.9844,NULL,0.00189209,84
15.9844,NULL,0.00140381,85
15.9844,NULL,0.00115967,86
15.9766,NULL,0.000671387,87
15.9688,NULL,0.000305176,88
15.9531,NULL,0.000183105,89
15.9375,NULL,0,90
15.9219,NULL,-0.000244141,91
15.9023,NULL,-0.000427246,92
15.8906,NULL,-0.000610352,93
15.875,NULL,-0.000610352,94
15.8594,NULL,-0.000549316,95
15.8516,NULL,-0.000610352,96
15.8438,NULL,-0.000732422,97
15.8359,NULL,-0.000854492,98
15.832,NULL,-0.00109863,99
15.8281,NULL,-0.000976563,100
15.8203,NULL,-0.000915527,101
15.8164,NULL,-0.00115967,102
15.8086,NULL,-0.00109863,103
15.8008,NULL,-0.00128174,104
15.7891,NULL,-0.00140381,105
15.7773,NULL,-0.000793457,106
15.7656,NULL,-0.000305176,107
15.7539,NULL,-6.10352e-05,108
15.7461,NULL,0.00012207,109
15.7422,NULL,-0.00012207,110
15.7383,NULL,-0.000732422,111
15.7383,NULL,-0.00109863,112
15.7383,NULL,-0.00128174,113
15.7344,NULL,-0.00146484,114
15.7344,NULL,-0.00146484,115
15.7305,NULL,-0.00170898,116
15.7266,NULL,-0.00195313,117
15.7227,NULL,-0.00189209,118
15.7148,NULL,-0.00140381,119
15.707,NULL,-0.000732422,120
15.6992,NULL,-0.000244141,121
15.6953,NULL,-0.000366211,122
15.6875,NULL,-0.0010376,123
15.6836,NULL,-0.00177002,124
15.6836,NULL,-0.0022583,125
15.6797,NULL,-0.00183105,126
15.6758,NULL,-0.00128174,127
15.6719,NULL,-0.00109863,128
15.668,NULL,-0.00134277,129
15.6602,NULL,-0.00213623,130
15.6563,NULL,-0.00286865,131
15.6484,NULL,-0.00256348,132
15.6367,NULL,-0.00183105,133
15.6289,NULL,-0.0010376,134
15.6211,NULL,-6.10352e-05,135
15.6172,NULL,6.10352e-05,136
15.6094,NULL,-0.000244141,137
15.6055,NULL,-0.000427246,138
15.5977,NULL,-0.000610352,139
15.5898,NULL,-0.000915527,140
15.5859,NULL,-0.00115967,141
15.5781,NULL,-0.00170898,142
15.5742,NULL,-0.00219727,143
15.5664,NULL,-0.00231934,144
15.5625,NULL,-0.00189209,145
15.5547,NULL,-0.00128174,146
15.5469,NULL,-0.00128174,147
15.543,NULL,-0.00170898,148
15.5391,NULL,-0.00213623,149
15.5352,NULL,-0.00250244,150
15.5313,NULL,-0.00268555,151
15.5273,NULL,-0.00219727,152
15.5195,NULL,-0.00213623,153
15.5117,NULL,-0.0022583,154
15.5,NULL,-0.00219727,155
15.4922,NULL,-0.00256348,156
15.4844,NULL,-0.00274658,157
15.4805,NULL,-0.00238037,158
15.4766,NULL,-0.0020752,159
15.4727,NULL,-0.00183105,160
15.4688,NULL,-0.00158691,161
15.4648,NULL,-0.00183105,162
15.4609,NULL,-0.00219727,163
15.4531,NULL,-0.00231934,164
15.4453,NULL,-0.00231934,165
15.4375,NULL,-0.00213623,166
15.4297,NULL,-0.00201416,167
15.4219,NULL,-0.0022583,168
15.4141,NULL,-0.00256348,169
15.4063,NULL,-0.00292969,170
15.4023,NULL,-0.00286865,171
15.3984,NULL,-0.00231934,172
15.3906,NULL,-0.00219727,173
15.3867,NULL,-0.00231934,174
15.3828,NULL,-0.00244141,175
15.3789,NULL,-0.00292969,176
15.375,NULL,-0.0032959,177
15.3711,NULL,-0.00323486,178
15.3633,NULL,-0.00354004,179
15.3594,NULL,-0.00384521,180
15.3516,NULL,-0.00408936,181
15.3477,NULL,-0.00457764,182
15.3398,NULL,-0.00488281,183
15.3359,NULL,-0.00463867,184
15.3242,NULL,-0.00415039,185
15.3164,NULL,-0.00360107,186
15.3086,NULL,-0.00335693,187
15.3008,NULL,-0.00335693,188
15.2969,NULL,-0.00335693,189
15.293,NULL,-0.00317383,190
15.2891,NULL,-0.00244141,191
15.2813,NULL,-0.00164795,192
15.2734,NULL,-0.00152588,193
15.2656,NULL,-0.00189209,194
15.2578,NULL,-0.00256348,195
15.25,NULL,-0.00341797,196
15.2461,NULL,-0.003479,197
15.2422,NULL,-0.00280762,198
15.2344,NULL,-0.0022583,199
15.2305,NULL,-0.00183105,200
15.2227,NULL,-0.00158691,201
15.2188,NULL,-0.00170898,202
15.2148,NULL,-0.00201416,203
15.207,NULL,-0.00219727,204
15.2031,NULL,-0.00219727,205
15.1953,NULL,-0.0020752,206
15.1914,NULL,-0.00201416,207
15.1836,NULL,-0.00177002,208
15.1797,NULL,-0.00170898,209
15.1719,NULL,-0.00195313,210
15.1641,NULL,-0.00183105,211
15.1523,NULL,-0.00134277,212
15.1445,NULL,-0.00109863,213
15.1328,NULL,-0.000915527,214
15.125,NULL,-0.000610352,215
15.1172,NULL,-0.000610352,216
15.1133,NULL,-0.000183105,217
15.1055,NULL,0.000732422,218
15.1016,NULL,0.00128174,219
15.0938,NULL,0.00164795,220
15.0859,NULL,0.0020752,221
15.082,NULL,0.00219727,222
15.0781,NULL,0.00231934,223
15.0742,NULL,0.00244141,224
15.0703,NULL,0.0022583,225
15.0703,NULL,0.0020752,226
15.0625,NULL,0.00213623,227
15.0586,NULL,0.00231934,228
15.0547,NULL,0.00244141,229
15.0508,NULL,0.00286865,230
15.043,NULL,0.003479,231
15.0391,NULL,0.00390625,232
15.0313,NULL,0.00421143,233
15.0273,NULL,0.00439453,234
15.0234,NULL,0.00427246,235
15.0195,NULL,0.00427246,236
15.0117,NULL,0.0043335,237
15.0078,NULL,0.0045166,238
15,NULL,0.00463867,239
14.9922,NULL,0.0045166,240
14.9883,NULL,0.0043335,241
14.9844,NULL,0.00384521,242
14.9805,NULL,0.00335693,243
14.9766,NULL,0.0032959,244
14.9727,NULL,0.00323486,245
14.9648,NULL,0.00360107,246
14.957,NULL,0.00390625,247
14.9453,NULL,0.00396729,248
14.9414,NULL,0.00408936,249
14.9336,NULL,0.00390625,250
14.9297,NULL,0.00384521,251
14.9258,NULL,0.00402832,252
14.918,NULL,0.00402832,253
14.9102,NULL,0.00415039,254
14.9023,NULL,0.0043335,255
14.8984,NULL,0.00445557,256
14.8906,NULL,0.00445557,257
14.8867,NULL,0.00445557,258
14.8828,NULL,0.00445557,259
14.875,NULL,0.00439453,260
14.8672,NULL,0.0045166,261
14.8594,NULL,0.00439453,262
14.8516,NULL,0.00396729,263
14.8477,NULL,0.00378418,264
14.8438,NULL,0.00366211,265
14.8398,NULL,0.00378418,266
14.8359,NULL,0.00402832,267
14.8281,NULL,0.00378418,268
14.8242,NULL,0.00323486,269
14.8203,NULL,0.00244141,270
14.8164,NULL,0.00170898,271
14.8164,NULL,0.00146484,272
14.8125,NULL,0.00134277,273
14.8125,NULL,0.00128174,274
14.8086,NULL,0.00109863,275
14.8047,NULL,0.000793457,276
14.8008,NULL,0.000305176,277
14.7969,NULL,0.00012207,278
14.793,NULL,6.10352e-05,279
14.7891,NULL,0,280
14.7813,NULL,0.000244141,281
14.7773,NULL,0.000305176,282
14.7734,NULL,0.000244141,283
14.7695,NULL,0.000183105,284
14.7656,NULL,0.000183105,285
14.7617,NULL,0.00012207,286
14.7578,NULL,0.000183105,287
14.7539,NULL,0.000183105,288
14.75,NULL,0.000183105,289
14.7461,NULL,-0.00012207,290
14.7422,NULL,-0.000915527,291
14.7383,NULL,-0.00140381,292
14.7383,NULL,-0.00170898,293
14.7344,NULL,-0.00140381,294
14.7266,NULL,-0.000732422,295
14.7188,NULL,-0.000549316,296
14.7148,NULL,-0.0010376,297
14.707,NULL,-0.00177002,298
14.7031,NULL,-0.00219727,299
14.6953,NULL,-0.00213623,300
14.6914,NULL,-0.00146484,301
14.6875,NULL,-0.000610352,302
14.6836,NULL,-0.000305176,303
14.6797,NULL,-0.000305176,304
14.6758,NULL,-0.000488281,305
14.6719,NULL,-0.000610352,306
14.668,NULL,-0.000488281,307
14.6641,NULL,-0.000305176,308
14.6563,NULL,0,309
14.6484,NULL,0.000305176,310
14.6445,NULL,0.000549316,311
14.6367,NULL,0.000915527,312
14.6289,NULL,0.00109863,313
14.625,NULL,0.000976563,314
14.6211,NULL,0.000793457,315
14.6133,NULL,0.000671387,316
14.6133,NULL,0.000366211,317
14.6094,NULL,0.00012207,318
14.6094,NULL,-0.000183105,319
14.6094,NULL,-0.000610352,320
14.6094,NULL,-0.000610352,321
14.6055,NULL,-0.000427246,322
14.6016,NULL,0,323
14.5977,NULL,0.000305176,324
14.5938,NULL,0.000305176,325
14.5898,NULL,0.000305176,326
14.5859,NULL,0.000244141,327
14.582,NULL,0.000183105,328
14.5781,NULL,0.000427246,329
14.5742,NULL,0.000610352,330
14.5742,NULL,0.000610352,331
14.5703,NULL,0.000610352,332
14.5703,NULL,0.000305176,333
14.5703,NULL,-6.10352e-05,334
14.5664,NULL,-0.000305176,335
14.5625,NULL,-0.000366211,336
14.5625,NULL,-0.000305176,337
14.5586,NULL,-6.10352e-05,338
14.5586,NULL,0,339
14.5547,NULL,-0.00012207,340
14.5547,NULL,-0.000427246,341
14.5508,NULL,-0.000732422,342
14.5508,NULL,-0.000732422,343
14.5469,NULL,-0.000427246,344
14.5391,NULL,-0.000488281,345
14.5352,NULL,-0.000427246,346
14.5313,NULL,-0.000305176,347
14.5313,NULL,-6.10352e-05,348
14.5273,NULL,0.000488281,349
14.5273,NULL,0.00128174,350
14.5273,NULL,0.00195313,351
14.5234,NULL,0.00231934,352
14.5234,NULL,0.00256348,353
14.5195,NULL,0.00268555,354
14.5195,NULL,0.00280762,355
14.5156,NULL,0.00292969,356
14.5156,NULL,0.00317383,357
14.5117,NULL,0.00335693,358
14.5078,NULL,0.00335693,359
14.5039,NULL,0.0032959,360
14.5,NULL,0.00311279,361
14.4961,NULL,0.00274658,362
14.4961,NULL,0.00256348,363
14.4961,NULL,0.00250244,364
14.4922,NULL,0.00256348,365
14.4883,NULL,0.00262451,366
14.4883,NULL,0.00250244,367
14.4844,NULL,0.00238037,368
14.4844,NULL,0.00213623,369
14.4844,NULL,0.00201416,370
14.4805,NULL,0.00201416,371
14.4766,NULL,0.0022583,372
14.4727,NULL,0.00213623,373
14.4688,NULL,0.00195313,374
14.4648,NULL,0.00189209,375
14.4648,NULL,0.00134277,376
14.4609,NULL,0.000976563,377
14.4609,NULL,0.0010376,378
14.457,NULL,0.000976563,379
14.4531,NULL,0.00115967,380
14.4492,NULL,0.00128174,381
14.4492,NULL,0.0012207,382
14.4453,NULL,0.00146484,383
14.4453,NULL,0.00170898,384
14.4453,NULL,0.00189209,385
14.4414,NULL,0.00219727,386
14.4375,NULL,0.00201416,387
14.4336,NULL,0.00146484,388
14.4336,NULL,0.00109863,389
14.4297,NULL,0.000671387,390
14.4297,NULL,0.000305176,391
14.4297,NULL,0.000793457,392
14.4258,NULL,0.00140381,393
14.4219,NULL,0.00201416,394
14.418,NULL,0.00274658,395
14.418,NULL,0.00305176,396
14.4141,NULL,0.00268555,397
14.418,NULL,0.00201416,398
14.4219,NULL,0.00183105,399
14.4258,NULL,0.00177002,400
14.4258,NULL,0.00195313,401
14.4258,NULL,0.00231934,402
14.418,NULL,0.00213623,403
14.4141,NULL,0.00140381,404
14.4102,NULL,0.000732422,405
14.4063,NULL,0.000732422,406
14.4023,NULL,0.00109863,407
14.3984,NULL,0.00128174,408
14.3984,NULL,0.00183105,409
14.3945,NULL,0.00195313,410
14.3945,NULL,0.00140381,411
14.3945,NULL,0.0012207,412
14.3945,NULL,0.0010376,413
14.3906,NULL,0.000671387,414
14.3906,NULL,0.000427246,415
14.3906,NULL,0.000305176,416
14.3867,NULL,0.000305176,417
14.3867,NULL,0.00012207,418
14.3867,NULL,-6.10352e-05,419
14.3828,NULL,-0.000183105,420
14.3789,NULL,-0.000305176,421
14.3789,NULL,-0.000305176,422
14.3711,NULL,0,423
14.3672,NULL,0.000305176,424
14.3672,NULL,0.000244141,425
14.3672,NULL,6.10352e-05,426
14.3672,NULL,0,427
14.3711,NULL,-0.000427246,428
14.3711,NULL,-0.000549316,429
14.375,NULL,-0.000488281,430
14.375,NULL,-0.000427246,431
14.3711,NULL,-0.000427246,432
14.3711,NULL,-0.000671387,433
14.375,NULL,-0.000915527,434
14.3711,NULL,-0.000793457,435
14.3672,NULL,-0.000915527,436
14.3633,NULL,-0.000915527,437
14.3594,NULL,-0.000976563,438
14.3555,NULL,-0.00152588,439
14.3555,NULL,-0.00189209,440
14.3555,NULL,-0.00177002,441
14.3516,NULL,-0.00152588,442
14.3516,NULL,-0.00140381,443
14.3477,NULL,-0.00109863,444
14.3477,NULL,-0.00134277,445
14.3438,NULL,-0.00195313,446
14.3438,NULL,-0.00262451,447
14.3438,NULL,-0.00335693,448
14.3438,NULL,-0.00360107,449
14.3398,NULL,-0.003479,450
14.3359,NULL,-0.00317383,451
14.3359,NULL,-0.00244141,452
14.332,NULL,-0.00213623,453
14.332,NULL,-0.00231934,454
14.332,NULL,-0.00250244,455
14.332,NULL,-0.00262451,456
14.3281,NULL,-0.00244141,457
14.3281,NULL,-0.00183105,458
14.3242,NULL,-0.00115967,459
14.3203,NULL,-0.0010376,460
14.3203,NULL,-0.00115967,461
14.3164,NULL,-0.00134277,462
14.3125,NULL,-0.00128174,463
14.3125,NULL,-0.00109863,464
14.3086,NULL,-0.00109863,465
14.3086,NULL,-0.000976563,466
14.3086,NULL,-0.000915527,467
14.3086,NULL,-0.00128174,468
14.3086,NULL,-0.00183105,469
14.3086,NULL,-0.00244141,470
14.3086,NULL,-0.00317383,471
14.3086,NULL,-0.00354004,472
14.3047,NULL,-0.0032959,473
14.3047,NULL,-0.00323486,474
14.3047,NULL,-0.00311279,475
14.3008,NULL,-0.00299072,476
14.2969,NULL,-0.00262451,477
14.2969,NULL,-0.0022583,478
14.293,NULL,-0.0020752,479
14.2852,NULL,-0.00189209,480
14.2813,NULL,-0.00201416,481
14.2813,NULL,-0.00244141,482
14.2813,NULL,-0.00262451,483
14.2813,NULL,-0.00231934,484
14.2813,NULL,-0.00231934,485
14.2813,NULL,-0.00256348,486
14.2773,NULL,-0.00268555,487
14.2734,NULL,-0.00305176,488
14.2734,NULL,-0.00311279,489
14.2734,NULL,-0.00299072,490
14.2734,NULL,-0.00292969,491
14.2734,NULL,-0.00292969,492
14.2695,NULL,-0.00305176,493
14.2656,NULL,-0.0032959,494
14.2617,NULL,-0.00323486,495
14.2617,NULL,-0.00317383,496
14.2617,NULL,-0.0032959,497
14.2617,NULL,-0.00305176,498
14.2656,NULL,-0.00317383,499
14.2656,NULL,-0.0032959,500
14.2617,NULL,-0.00305176,501
14.2617,NULL,-0.00292969,502
14.2617,NULL,-0.00292969,503
14.2617,NULL,-0.00305176,504
14.2617,NULL,-0.00317383,505
14.2578,NULL,-0.00311279,506
14.2578,NULL,-0.00256348,507
14.2578,NULL,-0.0020752,508
14.2539,NULL,-0.00177002,509
14.2539,NULL,-0.00213623,510
14.2539,NULL,-0.00292969,511
14.2539,NULL,-0.00335693,512
14.25,NULL,-0.003479,513
14.25,NULL,-0.00323486,514
14.25,NULL,-0.00274658,515
14.2461,NULL,-0.00231934,516
14.2461,NULL,-0.0022583,517
14.2422,NULL,-0.0020752,518
14.2422,NULL,-0.00164795,519
14.2422,NULL,-0.00134277,520
14.2422,NULL,-0.000976563,521
14.2422,NULL,-0.000549316,522
14.2383,NULL,-0.000244141,523
14.2383,NULL,0,524
14.2344,NULL,0.000183105,525
14.2344,NULL,0.000366211,526
14.2305,NULL,0.000610352,527
14.2305,NULL,0.000793457,528
14.2266,NULL,0.000915527,529
14.2227,NULL,0.0012207,530
14.2188,NULL,0.00115967,531
14.2188,NULL,0.0012207,532
14.2188,NULL,0.00140381,533
14.2188,NULL,0.00158691,534
14.2188,NULL,0.00213623,535
14.2188,NULL,0.00256348,536
14.2148,NULL,0.00299072,537
14.2148,NULL,0.0032959,538
14.2148,NULL,0.00280762,539
14.2148,NULL,0.00231934,540
14.2148,NULL,0.00189209,541
14.2148,NULL,0.00158691,542
14.2148,NULL,0.00158691,543
14.2148,NULL,0.00195313,544
14.2109,NULL,0.00213623,545
14.2109,NULL,0.00201416,546
14.2109,NULL,0.00170898,547
14.207,NULL,0.00115967,548
14.207,NULL,0.0010376,549
14.2031,NULL,0.00146484,550
14.2031,NULL,0.0020752,551
14.1992,NULL,0.00262451,552
14.1992,NULL,0.00292969,553
14.1992,NULL,0.00292969,554
14.1992,NULL,0.00280762,555
14.1992,NULL,0.00268555,556
14.1992,NULL,0.00256348,557
14.1953,NULL,0.00262451,558
14.1914,NULL,0.00292969,559
14.1875,NULL,0.00299072,560
14.1875,NULL,0.00286865,561
14.1836,NULL,0.00238037,562
14.1836,NULL,0.00164795,563
14.1836,NULL,0.00134277,564
14.1797,NULL,0.0012207,565
14.1797,NULL,0.00158691,566
14.1758,NULL,0.0020752,567
14.1758,NULL,0.00231934,568
14.1758,NULL,0.00244141,569
14.1758,NULL,0.00231934,570
14.1758,NULL,0.00170898,571
14.1758,NULL,0.00140381,572
14.1719,NULL,0.00140381,573
14.1719,NULL,0.00152588,574
14.1719,NULL,0.00195313,575
14.1719,NULL,0.0020752,576
14.1719,NULL,0.00164795,577
14.1719,NULL,0.00146484,578
14.1758,NULL,0.00158691,579
14.1719,NULL,0.00201416,580
14.1719,NULL,0.00231934,581
14.1719,NULL,0.00213623,582
14.168,NULL,0.00183105,583
14.168,NULL,0.00152588,584
14.1641,NULL,0.00152588,585
14.1602,NULL,0.00177002,586
14.1563,NULL,0.00219727,587
14.1523,NULL,0.0020752,588
14.1563,NULL,0.00183105,589
14.1602,NULL,0.00170898,590
14.1641,NULL,0.0012207,591
14.168,NULL,0.0010376,592
14.1719,NULL,0.00115967,593
14.168,NULL,0.00134277,594
14.1641,NULL,0.00146484,595
14.1563,NULL,0.00152588,596
14.1563,NULL,0.00134277,597
14.1523,NULL,0.00134277,598
14.1523,NULL,0.00164795,599
14.1484,NULL,0.00213623,600
14.1484,NULL,0.00262451,601
14.1445,NULL,0.00262451,602
14.1445,NULL,0.00231934,603
14.1406,NULL,0.00195313,604
14.1406,NULL,0.00146484,605
14.1406,NULL,0.00109863,606
14.1367,NULL,0.0010376,607
14.1367,NULL,0.0012207,608
14.1367,NULL,0.00177002,609
14.1367,NULL,0.00213623,610
14.1367,NULL,0.0020752,611
14.1367,NULL,0.00189209,612
14.1367,NULL,0.00170898,613
14.1367,NULL,0.00183105,614
14.1367,NULL,0.00244141,615
14.1328,NULL,0.00323486,616
14.1289,NULL,0.00366211,617
14.1289,NULL,0.00378418,618
14.1289,NULL,0.00372314,619
14.1289,NULL,0.00317383,620
14.1289,NULL,0.00299072,621
14.1289,NULL,0.00280762,622
14.1289,NULL,0.00274658,623
14.1328,NULL,0.00274658,624
14.1406,NULL,0.00231934,625
14.1445,NULL,0.00177002,626
14.1484,NULL,0.00128174,627
14.1523,NULL,0.000915527,628
14.1484,NULL,0.000915527,629
14.1406,NULL,0.000915527,630
14.1367,NULL,0.000610352,631
14.1328,NULL,0.000305176,632
14.1328,NULL,6.10352e-05,633
14.1328,NULL,0,634
14.1328,NULL,0.000183105,635
14.1367,NULL,0.000427246,636
14.1367,NULL,0.000427246,637
14.1367,NULL,0.000183105,638
14.1406,NULL,0,639
14.1445,NULL,-0.000671387,640
14.1484,NULL,-0.00134277,641
14.1484,NULL,-0.00213623,642
14.1523,NULL,-0.00274658,643
14.1563,NULL,-0.00262451,644
14.1563,NULL,-0.00231934,645
14.1563,NULL,-0.00177002,646
14.1602,NULL,-0.0012207,647
14.1602,NULL,-0.0012207,648
14.1641,NULL,-0.0012207,649
14.168,NULL,-0.000915527,650
14.168,NULL,-0.000610352,651
14.1758,NULL,0,652
14.1836,NULL,0.000366211,653
14.1953,NULL,0.000427246,654
14.2031,NULL,0.000305176,655
14.2109,NULL,0.00012207,656
14.2188,NULL,0.00012207,657
14.2227,NULL,0.000305176,658
14.2305,NULL,0.000366211,659
14.2383,NULL,0.000305176,660
14.2461,NULL,0.000183105,661
14.25,NULL,0,662
14.2539,NULL,-0.000488281,663
14.2539,NULL,-0.000610352,664
14.2539,NULL,-0.000610352,665
14.25,NULL,-0.000671387,666
14.2461,NULL,-0.000427246,667
14.2461,NULL,-0.000488281,668
14.2461,NULL,-0.0010376,669
14.25,NULL,-0.00146484,670
14.25,NULL,-0.00201416,671
14.2539,NULL,-0.00219727,672
14.2539,NULL,-0.00189209,673
14.2539,NULL,-0.00146484,674
14.2578,NULL,-0.000976563,675
14.2617,NULL,-0.000915527,676
14.2656,NULL,-0.00134277,677
14.2695,NULL,-0.00140381,678
14.2734,NULL,-0.00109863,679
14.2773,NULL,-0.000671387,680
14.2813,NULL,-0.00012207,681
14.2813,NULL,-0.000305176,682
14.2852,NULL,-0.000793457,683
14.2891,NULL,-0.0012207,684
14.2969,NULL,-0.00109863,685
14.3047,NULL,-0.000488281,686
14.3086,NULL,0,687
14.3164,NULL,6.10352e-05,688
14.3203,NULL,-0.000366211,689
14.3203,NULL,-0.000732422,690
14.3203,NULL,-0.00109863,691
14.3242,NULL,-0.0012207,692
14.3242,NULL,-0.000915527,693
14.3242,NULL,-0.000732422,694
14.332,NULL,-0.000488281,695
14.332,NULL,-0.000305176,696
14.3359,NULL,-0.000671387,697
14.3398,NULL,-0.00115967,698
14.3398,NULL,-0.00164795,699
14.3398,NULL,-0.00164795,700
14.3398,NULL,-0.00128174,701
14.3359,NULL,-0.000915527,702
14.3359,NULL,-0.000427246,703
14.332,NULL,-0.000244141,704
14.3359,NULL,-0.000305176,705
14.3398,NULL,-0.000427246,706
14.3438,NULL,-0.000427246,707
14.3477,NULL,-0.000366211,708
14.3516,NULL,-0.000305176,709
14.3516,NULL,0,710
14.3555,NULL,0,711
14.3555,NULL,-0.000244141,712
14.3633,NULL,-0.000732422,713
14.375,NULL,-0.0012207,714
14.3828,NULL,-0.0012207,715
14.3906,NULL,-0.000854492,716
14.4023,NULL,-0.000427246,717
14.4023,NULL,0,718
14.4023,NULL,-0.000366211,719
14.4063,NULL,-0.000915527,720
14.4063,NULL,-0.0012207,721
14.4063,NULL,-0.00109863,722
14.4063,NULL,-0.000854492,723
14.4102,NULL,-0.000427246,724
14.4063,NULL,-0.000244141,725
14.4063,NULL,-0.000793457,726
14.4102,NULL,-0.000976563,727
14.4102,NULL,-0.00109863,728
14.4141,NULL,-0.0010376,729
14.4141,NULL,-0.000915527,730
14.4141,NULL,-0.000915527,731
14.4102,NULL,-0.000854492,732
14.4102,NULL,-0.000854492,733
14.4141,NULL,-0.00109863,734
14.4141,NULL,-0.0012207,735
14.4141,NULL,-0.00109863,736
14.4141,NULL,-0.00146484,737
14.4141,NULL,-0.00146484,738
14.4102,NULL,-0.00109863,739
14.4102,NULL,-0.000976563,740
14.4102,NULL,-0.000732422,741
14.4063,NULL,-0.000610352,742
14.4102,NULL,-0.000610352,743
14.4102,NULL,-0.00109863,744
14.4102,NULL,-0.00140381,745
14.4141,NULL,-0.00109863,746
14.418,NULL,-0.000915527,747
14.418,NULL,-0.000732422,748
14.4219,NULL,-0.000305176,749
14.4297,NULL,6.10352e-05,750
14.4297,NULL,0,751
14.4297,NULL,6.10352e-05,752
14.4297,NULL,6.10352e-05,753
14.4297,NULL,-0.000183105,754
14.4375,NULL,-0.000244141,755
14.4492,NULL,-6.10352e-05,756
14.4609,NULL,0,757
14.4766,NULL,0,758
14.4883,NULL,0,759
14.4961,NULL,-6.10352e-05,760
14.5039,NULL,0.000183105,761
14.5117,NULL,0.000366211,762
14.5156,NULL,0.000427246,763
14.5195,NULL,0.000549316,764
14.5273,NULL,0.000305176,765
14.5313,NULL,0.000305176,766
14.5313,NULL,0.000366211,767
14.5273,NULL,0,768
14.5234,NULL,-0.000549316,769
14.5156,NULL,-0.000732422,770
14.5078,NULL,-0.0010376,771
14.5039,NULL,-0.0010376,772
14.4961,NULL,-0.000854492,773
14.4922,NULL,-0.0010376,774
14.4883,NULL,-0.0012207,775
14.4922,NULL,-0.0012207,776
14.4922,NULL,-0.00140381,777
14.4961,NULL,-0.00109863,778
14.4961,NULL,-0.00115967,779
14.4961,NULL,-0.00134277,780
14.4961,NULL,-0.00128174,781
14.4961,NULL,-0.00183105,782
14.4961,NULL,-0.00213623,783
14.4961,NULL,-0.00201416,784
14.4961,NULL,-0.00177002,785
14.4922,NULL,-0.00158691,786
14.4922,NULL,-0.00134277,787
14.4922,NULL,-0.00128174,788
14.4922,NULL,-0.00164795,789
14.4922,NULL,-0.00177002,790
14.4922,NULL,-0.00231934,791
14.4922,NULL,-0.00256348,792
14.4922,NULL,-0.00280762,793
14.4961,NULL,-0.00305176,794
14.4961,NULL,-0.00274658,795
14.4961,NULL,-0.00262451,796
14.4961,NULL,-0.00244141,797
14.5,NULL,-0.00189209,798
14.5039,NULL,-0.00152588,799
14.5078,NULL,-0.00170898,800
14.5156,NULL,-0.00177002,801
14.5156,NULL,-0.00195313,802
14.5195,NULL,-0.00213623,803
14.5234,NULL,-0.00195313,804
14.5273,NULL,-0.00170898,805
14.5313,NULL,-0.00177002,806
14.5313,NULL,-0.00177002,807
14.5352,NULL,-0.00213623,808
14.5352,NULL,-0.00256348,809
14.5352,NULL,-0.00286865,810
14.5352,NULL,-0.00341797,811
14.5352,NULL,-0.003479,812
14.5391,NULL,-0.00360107,813
14.543,NULL,-0.00372314,814
14.5469,NULL,-0.00354004,815
14.5469,NULL,-0.003479,816
14.5508,NULL,-0.00354004,817
14.5547,NULL,-0.00366211,818
14.5586,NULL,-0.00366211,819
14.5586,NULL,-0.00354004,820
14.5625,NULL,-0.00335693,821
14.5625,NULL,-0.00305176,822
14.5625,NULL,-0.00305176,823
14.5664,NULL,-0.00311279,824
14.5664,NULL,-0.00317383,825
14.5703,NULL,-0.00292969,826
14.5703,NULL,-0.00256348,827
14.5703,NULL,-0.0022583,828
14.5703,NULL,-0.00213623,829
14.5742,NULL,-0.00201416,830
14.5742,NULL,-0.00213623,831
14.5781,NULL,-0.00244141,832
14.582,NULL,-0.00238037,833
14.5859,NULL,-0.00250244,834
14.5898,NULL,-0.00219727,835
14.5898,NULL,-0.00164795,836
14.5938,NULL,-0.00128174,837
14.5938,NULL,-0.00146484,838
14.5938,NULL,-0.00201416,839
14.5977,NULL,-0.0022583,840
14.5977,NULL,-0.0020752,841
14.6016,NULL,-0.00170898,842
14.6055,NULL,-0.00128174,843
14.6094,NULL,-0.000976563,844
14.6094,NULL,-0.0012207,845
14.6133,NULL,-0.00152588,846
14.6172,NULL,-0.00164795,847
14.625,NULL,-0.00201416,848
14.6328,NULL,-0.00244141,849
14.6445,NULL,-0.00268555,850
14.6484,NULL,-0.00268555,851
14.6563,NULL,-0.00286865,852
14.6602,NULL,-0.00274658,853
14.6563,NULL,-0.00262451,854
14.6563,NULL,-0.00262451,855
14.6563,NULL,-0.00256348,856
14.6563,NULL,-0.0022583,857
14.6563,NULL,-0.00183105,858
14.6563,NULL,-0.00189209,859
14.6602,NULL,-0.0020752,860
14.6602,NULL,-0.00177002,861
14.6641,NULL,-0.00170898,862
14.6641,NULL,-0.00152588,863
14.668,NULL,-0.0010376,864
14.6719,NULL,-0.00152588,865
14.6758,NULL,-0.00238037,866
14.6797,NULL,-0.00305176,867
14.6836,NULL,-0.00366211,868
14.6875,NULL,-0.00408936,869
14.6914,NULL,-0.00402832,870
14.6953,NULL,-0.00378418,871
14.6953,NULL,-0.003479,872
14.6953,NULL,-0.00311279,873
14.6992,NULL,-0.00286865,874
14.6992,NULL,-0.00238037,875
14.7031,NULL,-0.00213623,876
14.7031,NULL,-0.00201416,877
14.707,NULL,-0.00170898,878
14.707,NULL,-0.00177002,879
14.7109,NULL,-0.00238037,880
14.707,NULL,-0.00256348,881
14.707,NULL,-0.00268555,882
14.707,NULL,-0.00244141,883
14.7109,NULL,-0.00170898,884
14.7109,NULL,-0.000976563,885
14.7109,NULL,-0.000732422,886
14.7148,NULL,-0.0012207,887
14.7188,NULL,-0.00183105,888
14.7227,NULL,-0.00250244,889
14.7266,NULL,-0.00286865,890
14.7266,NULL,-0.00268555,891
14.7305,NULL,-0.0022583,892
14.7305,NULL,-0.00195313,893
14.7305,NULL,-0.00213623,894
14.7344,NULL,-0.00219727,895
14.7344,NULL,-0.0022583,896
14.7344,NULL,-0.00213623,897
14.7383,NULL,-0.00177002,898
14.7383,NULL,-0.00183105,899
14.7383,NULL,-0.0022583,900
14.7461,NULL,-0.00268555,901
14.7539,NULL,-0.00286865,902
14.7578,NULL,-0.00299072,903
14.7656,NULL,-0.00280762,904
14.7695,NULL,-0.00274658,905
14.7656,NULL,-0.00280762,906
14.7656,NULL,-0.00274658,907
14.7656,NULL,-0.00292969,908
14.7695,NULL,-0.00317383,909
14.7734,NULL,-0.00317383,910
14.7773,NULL,-0.00323486,911
14.7813,NULL,-0.00305176,912
14.7852,NULL,-0.00256348,913
14.7852,NULL,-0.00244141,914
14.7852,NULL,-0.00231934,915
14.7891,NULL,-0.0020752,916
14.793,NULL,-0.00231934,917
14.7969,NULL,-0.00244141,918
14.8008,NULL,-0.00262451,919
14.8086,NULL,-0.00292969,920
14.8164,NULL,-0.00268555,921
14.8281,NULL,-0.00213623,922
14.8398,NULL,-0.00195313,923
14.8516,NULL,-0.00158691,924
14.8555,NULL,-0.00152588,925
14.8516,NULL,-0.00177002,926
14.8516,NULL,-0.00189209,927
14.8555,NULL,-0.00219727,928
14.8594,NULL,-0.00213623,929
14.8633,NULL,-0.00170898,930
14.8672,NULL,-0.00134277,931
14.8672,NULL,-0.00109863,932
14.8633,NULL,-0.0012207,933
14.8594,NULL,-0.00164795,934
14.8555,NULL,-0.0022583,935
14.8516,NULL,-0.00262451,936
14.8555,NULL,-0.00286865,937
14.8555,NULL,-0.00292969,938
14.8594,NULL,-0.00286865,939
14.8633,NULL,-0.00274658,940
14.8672,NULL,-0.00280762,941
14.8672,NULL,-0.00305176,942
14.8672,NULL,-0.00317383,943
14.8711,NULL,-0.00317383,944
14.8711,NULL,-0.00299072,945
14.8711,NULL,-0.00286865,946
14.875,NULL,-0.00268555,947
14.8789,NULL,-0.00262451,948
14.8867,NULL,-0.00268555,949
14.8945,NULL,-0.00231934,950
14.8984,NULL,-0.00201416,951
14.9023,NULL,-0.00189209,952
14.9063,NULL,-0.00158691,953
14.9023,NULL,-0.00158691,954
14.9063,NULL,-0.00140381,955
14.9141,NULL,-0.00115967,956
14.9219,NULL,-0.000915527,957
14.9297,NULL,-0.000793457,958
14.9414,NULL,-0.000976563,959
14.9453,NULL,-0.00134277,960
14.9453,NULL,-0.00183105,961
14.9492,NULL,-0.00213623,962
14.9531,NULL,-0.00201416,963
14.957,NULL,-0.00140381,964
14.957,NULL,-0.000732422,965
14.957,NULL,-0.000366211,966
14.9531,NULL,-0.000305176,967
14.9492,NULL,-0.000366211,968
14.9453,NULL,-0.000488281,969
14.9453,NULL,-0.000427246,970
14.9492,NULL,-0.000488281,971
14.9531,NULL,-0.000549316,972
14.957,NULL,-0.000427246,973
14.9609,NULL,-0.000305176,974
14.9609,NULL,-0.000183105,975
14.9609,NULL,-0.000244141,976
14.9609,NULL,-0.000427246,977
14.9609,NULL,-0.000671387,978
14.9648,NULL,-0.000732422,979
14.9688,NULL,-0.000732422,980
14.9688,NULL,-0.000427246,981
14.9688,NULL,-0.000244141,982
14.9688,NULL,0,983
14.9688,NULL,0.000488281,984
14.9688,NULL,0.00109863,985
14.9688,NULL,0.00201416,986
14.9727,NULL,0.00305176,987
14.9727,NULL,0.00335693,988
14.9805,NULL,0.00341797,989
14.9844,NULL,0.00335693,990
14.9883,NULL,0.00305176,991
14.9922,NULL,0.0032959,992
14.9961,NULL,0.00366211,993
14.9961,NULL,0.00378418,994
14.9961,NULL,0.00402832,995
15,NULL,0.00396729,996
15,NULL,0.00372314,997
15,NULL,0.00323486,998
15.0039,NULL,0.00299072,999
15.0039,NULL,0.00286865,1000
15.0078,NULL,0.00268555,1001
15.0117,NULL,0.00256348,1002
15.0156,NULL,0.00231934,1003
15.0156,NULL,0.00231934,1004
15.0195,NULL,0.00238037,1005
15.0195,NULL,0.00262451,1006
15.0195,NULL,0.00280762,1007
15.0195,NULL,0.00292969,1008
15.0195,NULL,0.00317383,1009
15.0234,NULL,0.0032959,1010
15.0273,NULL,0.0032959,1011
15.0391,NULL,0.0032959,1012
15.0547,NULL,0.003479,1013
15.0703,NULL,0.00378418,1014
15.0898,NULL,0.00421143,1015
15.1016,NULL,0.00463867,1016
15.1133,NULL,0.00463867,1017
15.1211,NULL,0.00469971,1018
15.125,NULL,0.00469971,1019
15.1211,NULL,0.00494385,1020
15.1133,NULL,0.00531006,1021
15.1055,NULL,0.00549316,1022
15.1016,NULL,0.00543213,1023
15.0938,NULL,0.00518799,1024
15.0938,NULL,0.00469971,1025
15.0977,NULL,0.00427246,1026
15.0977,NULL,0.0043335,1027
15.0977,NULL,0.00415039,1028
15.1016,NULL,0.00402832,1029
15.1055,NULL,0.00415039,1030
15.1055,NULL,0.00408936,1031
15.1094,NULL,0.00372314,1032
15.1133,NULL,0.00323486,1033
15.1172,NULL,0.00286865,1034
15.1172,NULL,0.00280762,1035
15.1172,NULL,0.00317383,1036
15.1211,NULL,0.00372314,1037
15.1211,NULL,0.00408936,1038
15.1211,NULL,0.00384521,1039
15.1211,NULL,0.00372314,1040
15.125,NULL,0.00366211,1041
15.1289,NULL,0.00378418,1042
15.1367,NULL,0.00396729,1043
15.1445,NULL,0.00402832,1044
15.1484,NULL,0.00402832,1045
15.1563,NULL,0.00366211,1046
15.1602,NULL,0.00354004,1047
15.1563,NULL,0.00335693,1048
15.1602,NULL,0.0032959,1049
15.168,NULL,0.00372314,1050
15.1719,NULL,0.00415039,1051
15.1797,NULL,0.00445557,1052
15.1836,NULL,0.00476074,1053
15.1875,NULL,0.00476074,1054
15.1836,NULL,0.00463867,1055
15.1875,NULL,0.00457764,1056
15.1953,NULL,0.0043335,1057
15.1992,NULL,0.0043335,1058
15.2031,NULL,0.00439453,1059
15.2109,NULL,0.00445557,1060
15.2148,NULL,0.00427246,1061
15.2109,NULL,0.00378418,1062
15.2109,NULL,0.00317383,1063
15.2109,NULL,0.00292969,1064
15.2109,NULL,0.00292969,1065
15.2109,NULL,0.00299072,1066
15.2109,NULL,0.00317383,1067
15.2148,NULL,0.00317383,1068
15.2148,NULL,0.00311279,1069
15.2148,NULL,0.00341797,1070
15.2148,NULL,0.00335693,1071
15.2148,NULL,0.00292969,1072
15.2148,NULL,0.00262451,1073
15.2188,NULL,0.00238037,1074
15.2227,NULL,0.00250244,1075
15.2266,NULL,0.00286865,1076
15.2344,NULL,0.0032959,1077
15.2344,NULL,0.00335693,1078
15.2383,NULL,0.00305176,1079
15.2461,NULL,0.00256348,1080
15.25,NULL,0.00213623,1081
15.2539,NULL,0.00195313,1082
15.2617,NULL,0.00195313,1083
15.2656,NULL,0.00238037,1084
15.2656,NULL,0.00213623,1085
15.2695,NULL,0.00158691,1086
15.2695,NULL,0.00152588,1087
15.2734,NULL,0.00146484,1088
15.2773,NULL,0.00183105,1089
15.2852,NULL,0.00250244,1090
15.2891,NULL,0.00256348,1091
15.293,NULL,0.00219727,1092
15.3008,NULL,0.00164795,1093
15.3008,NULL,0.0012207,1094
15.3047,NULL,0.000976563,1095
15.3125,NULL,0.0010376,1096
15.3164,NULL,0.000915527,1097
15.3203,NULL,0.000610352,1098
15.3242,NULL,0.000305176,1099
15.3281,NULL,0.000305176,1100
15.3281,NULL,0.000610352,1101
15.332,NULL,0.000671387,1102
15.3359,NULL,0.000610352,1103
15.3398,NULL,0.000427246,1104
15.3398,NULL,0,1105
15.3438,NULL,-0.000183105,1106
15.3477,NULL,0,1107
15.3477,NULL,0,1108
15.3516,NULL,-0.00012207,1109
15.3555,NULL,-6.10352e-05,1110
15.3594,NULL,-0.000244141,1111
15.3672,NULL,-0.000427246,1112
15.3711,NULL,-0.000305176,1113
15.375,NULL,-0.000427246,1114
15.3789,NULL,-0.000488281,1115
15.3828,NULL,-0.000183105,1116
15.3867,NULL,0.00012207,1117
15.3906,NULL,0.00012207,1118
15.3984,NULL,-0.000305176,1119
15.4102,NULL,-0.00115967,1120
15.4219,NULL,-0.00183105,1121
15.4414,NULL,-0.00177002,1122
15.4492,NULL,-0.00115967,1123
15.4531,NULL,-0.000671387,1124
15.457,NULL,-0.000671387,1125
15.4531,NULL,-0.000915527,1126
15.4453,NULL,-0.000915527,1127
15.4453,NULL,-0.000610352,1128
15.4492,NULL,-0.000244141,1129
15.457,NULL,-0.00012207,1130
15.4688,NULL,-0.000305176,1131
15.4766,NULL,-0.000488281,1132
15.4844,NULL,-0.000488281,1133
15.4883,NULL,-0.000427246,1134
15.4883,NULL,-0.000305176,1135
15.4844,NULL,-0.000244141,1136
15.4805,NULL,-0.000549316,1137
15.4766,NULL,-0.000976563,1138
15.4727,NULL,-0.00134277,1139
15.4727,NULL,-0.00152588,1140
15.4727,NULL,-0.0012207,1141
15.4727,NULL,-0.000671387,1142
15.4766,NULL,-0.000183105,1143
15.4805,NULL,-0.00012207,1144
15.4844,NULL,-0.000549316,1145
15.4883,NULL,-0.0012207,1146
15.4922,NULL,-0.00158691,1147
15.4961,NULL,-0.00152588,1148
15.4961,NULL,-0.0010376,1149
15.4961,NULL,-0.000366211,1150
15.4961,NULL,-0.00012207,1151
15.5039,NULL,0,1152
15.5078,NULL,0,1153
15.5156,NULL,-0.000671387,1154
15.5195,NULL,-0.000854492,1155
15.5313,NULL,-0.000610352,1156
15.5352,NULL,-0.000183105,1157
15.5352,NULL,0.000610352,1158
15.5391,NULL,0.000915527,1159
15.5391,NULL,0.000732422,1160
15.5391,NULL,0.000244141,1161
15.5391,NULL,0.000305176,1162
15.543,NULL,0.000366211,1163
15.543,NULL,0.000610352,1164
15.5469,NULL,0.0010376,1165
15.5508,NULL,0.00134277,1166
15.5508,NULL,0.00183105,1167
15.5547,NULL,0.00201416,1168
15.5547,NULL,0.00201416,1169
15.5547,NULL,0.0020752,1170
15.5508,NULL,0.00170898,1171
15.5508,NULL,0.00134277,1172
15.5508,NULL,0.000915527,1173
15.5508,NULL,0.000305176,1174
15.5547,NULL,0.000183105,1175
15.5586,NULL,0.000366211,1176
15.5664,NULL,0.000244141,1177
15.5664,NULL,6.10352e-05,1178
15.5703,NULL,-0.000183105,1179
15.5742,NULL,-0.00012207,1180
15.582,NULL,0.00012207,1181
15.5938,NULL,0.000427246,1182
15.6055,NULL,0,1183
15.6172,NULL,-0.000610352,1184
15.6289,NULL,-0.0012207,1185
15.6367,NULL,-0.00140381,1186
15.6406,NULL,-0.00109863,1187
15.6406,NULL,-0.000793457,1188
15.6406,NULL,-0.000488281,1189
15.6445,NULL,-0.000366211,1190
15.6484,NULL,-0.000427246,1191
15.6484,NULL,-0.000366211,1192
15.6523,NULL,-0.000183105,1193
15.6563,NULL,0.000183105,1194
15.6563,NULL,0.000976563,1195
15.6602,NULL,0.00183105,1196
15.6641,NULL,0.00244141,1197
15.6719,NULL,0.00280762,1198
15.6797,NULL,0.00335693,1199
15.6875,NULL,0.00390625,1200
15.6875,NULL,0.00488281,1201
15.6875,NULL,0.00604248,1202
15.6914,NULL,0.00683594,1203
15.6875,NULL,0.00750732,1204
15.6875,NULL,0.00762939,1205
15.6875,NULL,0.00762939,1206
15.6875,NULL,0.00762939,1207
15.6914,NULL,0.00756836,1208
15.6914,NULL,0.00750732,1209
15.6953,NULL,0.00732422,1210
15.6992,NULL,0.00683594,1211
15.7031,NULL,0.00665283,1212
15.7109,NULL,0.00665283,1213
15.7188,NULL,0.00671387,1214
15.7227,NULL,0.00695801,1215
15.7266,NULL,0.00683594,1216
15.7266,NULL,0.00665283,1217
15.7266,NULL,0.00665283,1218
15.7305,NULL,0.00689697,1219
15.7305,NULL,0.00714111,1220
15.7305,NULL,0.00750732,1221
15.7383,NULL,0.00744629,1222
15.7461,NULL,0.00726318,1223
15.7539,NULL,0.00744629,1224
15.7617,NULL,0.00775146,1225
15.7695,NULL,0.00811768,1226
15.7734,NULL,0.00842285,1227
15.7773,NULL,0.00854492,1228
15.7813,NULL,0.00842285,1229
15.7813,NULL,0.00830078,1230
15.7813,NULL,0.00811768,1231
15.7813,NULL,0.00799561,1232
15.7813,NULL,0.00799561,1233
15.7852,NULL,0.00811768,1234
15.793,NULL,0.00817871,1235
15.8008,NULL,0.00817871,1236
15.8086,NULL,0.00823975,1237
15.8164,NULL,0.00817871,1238
15.8242,NULL,0.00817871,1239
15.8242,NULL,0.00811768,1240
15.8242,NULL,0.00799561,1241
15.832,NULL,0.0078125,1242
15.8359,NULL,0.0078125,1243
15.8398,NULL,0.00823975,1244
15.8477,NULL,0.00866699,1245
15.8555,NULL,0.00909424,1246
15.8555,NULL,0.00933838,1247
15.8555,NULL,0.0090332,1248
15.8555,NULL,0.00836182,1249
15.8555,NULL,0.00775146,1250
15.8555,NULL,0.00720215,1251
15.8555,NULL,0.00726318,1252
15.8594,NULL,0.00769043,1253
15.8672,NULL,0.00793457,1254
15.8711,NULL,0.00811768,1255
15.875,NULL,0.00799561,1256
15.8789,NULL,0.00787354,1257
15.8828,NULL,0.00830078,1258
15.8828,NULL,0.00878906,1259
15.8828,NULL,0.00921631,1260
15.8828,NULL,0.00921631,1261
15.8828,NULL,0.00860596,1262
15.8828,NULL,0.00805664,1263
15.8828,NULL,0.00787354,1264
15.8867,NULL,0.00793457,1265
15.8906,NULL,0.00811768,1266
15.8945,NULL,0.00817871,1267
15.9023,NULL,0.00762939,1268
15.9063,NULL,0.00689697,1269
15.9141,NULL,0.00671387,1270
15.918,NULL,0.00653076,1271
15.9219,NULL,0.00689697,1272
15.9258,NULL,0.00701904,1273
15.9297,NULL,0.00640869,1274
15.9258,NULL,0.00567627,1275
15.9258,NULL,0.00500488,1276
15.9297,NULL,0.00482178,1277
15.9336,NULL,0.00506592,1278
15.9414,NULL,0.00524902,1279
15.9492,NULL,0.00518799,1280
15.957,NULL,0.00500488,1281
15.9648,NULL,0.0045166,1282
15.9688,NULL,0.00396729,1283
15.9766,NULL,0.00354004,1284
15.9844,NULL,0.00292969,1285
15.9961,NULL,0.00213623,1286
16.0117,NULL,0.00140381,1287
16.0273,NULL,0.000427246,1288
16.0352,NULL,-0.000183105,1289
16.043,NULL,-0.000244141,1290
16.043,NULL,-0.000244141,1291
16.0391,NULL,-0.00012207,1292
16.0313,NULL,-0.000183105,1293
16.0273,NULL,-0.000427246,1294
16.0273,NULL,-0.000610352,1295
16.0273,NULL,-0.000732422,1296
16.0313,NULL,-0.000610352,1297
16.0352,NULL,-0.000366211,1298
16.0391,NULL,-0.000549316,1299
16.043,NULL,-0.000976563,1300
16.043,NULL,-0.00109863,1301
16.0508,NULL,-0.00164795,1302
16.0547,NULL,-0.00183105,1303
16.0547,NULL,-0.00189209,1304
16.0586,NULL,-0.00238037,1305
16.0586,NULL,-0.00256348,1306
16.0586,NULL,-0.0022583,1307
16.0586,NULL,-0.0022583,1308
16.0625,NULL,-0.00183105,1309
16.0625,NULL,-0.00140381,1310
16.0625,NULL,-0.00152588,1311
16.0664,NULL,-0.00146484,1312
16.0742,NULL,-0.00158691,1313
16.0859,NULL,-0.00189209,1314
16.0977,NULL,-0.00195313,1315
16.1094,NULL,-0.00189209,1316
16.1172,NULL,-0.00219727,1317
16.1211,NULL,-0.00244141,1318
16.1211,NULL,-0.00286865,1319
16.1211,NULL,-0.003479,1320
16.1211,NULL,-0.00366211,1321
16.1211,NULL,-0.00390625,1322
16.125,NULL,-0.00396729,1323
16.125,NULL,-0.00378418,1324
16.125,NULL,-0.00372314,1325
16.1289,NULL,-0.00366211,1326
16.1328,NULL,-0.003479,1327
16.1406,NULL,-0.00323486,1328
16.1445,NULL,-0.00280762,1329
16.1484,NULL,-0.00244141,1330
16.1523,NULL,-0.00268555,1331
16.1523,NULL,-0.00268555,1332
16.1523,NULL,-0.00274658,1333
16.1602,NULL,-0.00268555,1334
16.1641,NULL,-0.00213623,1335
16.168,NULL,-0.00195313,1336
16.1719,NULL,-0.00213623,1337
16.1758,NULL,-0.00238037,1338
16.1758,NULL,-0.00268555,1339
16.1797,NULL,-0.00274658,1340
16.1797,NULL,-0.00256348,1341
16.1836,NULL,-0.00244141,1342
16.1836,NULL,-0.00262451,1343
16.1836,NULL,-0.00311279,1344
16.1914,NULL,-0.00384521,1345
16.1953,NULL,-0.0045166,1346
16.2031,NULL,-0.00476074,1347
16.207,NULL,-0.00494385,1348
16.2148,NULL,-0.00476074,1349
16.2148,NULL,-0.00463867,1350
16.2148,NULL,-0.00469971,1351
16.2188,NULL,-0.00469971,1352
16.2188,NULL,-0.0045166,1353
16.2227,NULL,-0.00408936,1354
16.2227,NULL,-0.00354004,1355
16.2266,NULL,-0.00305176,1356
16.2305,NULL,-0.00292969,1357
16.2305,NULL,-0.00323486,1358
16.2344,NULL,-0.00372314,1359
16.2383,NULL,-0.00427246,1360
16.2422,NULL,-0.00457764,1361
16.2422,NULL,-0.00482178,1362
16.2461,NULL,-0.00494385,1363
16.2461,NULL,-0.00476074,1364
16.25,NULL,-0.00439453,1365
16.2539,NULL,-0.00384521,1366
16.2539,NULL,-0.00311279,1367
16.2578,NULL,-0.00280762,1368
16.2617,NULL,-0.00256348,1369
16.2617,NULL,-0.00244141,1370
16.2656,NULL,-0.00268555,1371
16.2695,NULL,-0.00286865,1372
16.2734,NULL,-0.00335693,1373
16.2773,NULL,-0.00384521,1374
16.2852,NULL,-0.00396729,1375
16.293,NULL,-0.00415039,1376
16.3086,NULL,-0.00427246,1377
16.3203,NULL,-0.00427246,1378
16.3398,NULL,-0.00421143,1379
16.3555,NULL,-0.00415039,1380
16.3711,NULL,-0.00366211,1381
16.3789,NULL,-0.003479,1382
16.3906,NULL,-0.003479,1383
16.4023,NULL,-0.003479,1384
16.4063,NULL,-0.00360107,1385
16.4102,NULL,-0.00366211,1386
16.4063,NULL,-0.00366211,1387
16.4023,NULL,-0.00384521,1388
16.3906,NULL,-0.00390625,1389
16.3867,NULL,-0.00384521,1390
16.3789,NULL,-0.003479,1391
16.3711,NULL,-0.00323486,1392
16.3711,NULL,-0.00317383,1393
16.3711,NULL,-0.00360107,1394
16.3711,NULL,-0.00421143,1395
16.3711,NULL,-0.0045166,1396
16.375,NULL,-0.00469971,1397
16.3789,NULL,-0.00500488,1398
16.3828,NULL,-0.00531006,1399
16.3867,NULL,-0.0055542,1400
16.3945,NULL,-0.00561523,1401
16.3984,NULL,-0.00531006,1402
16.4023,NULL,-0.00500488,1403
16.4063,NULL,-0.00469971,1404
16.4063,NULL,-0.00469971,1405
16.4102,NULL,-0.00476074,1406
16.4063,NULL,-0.00445557,1407
16.4063,NULL,-0.00439453,1408
16.4023,NULL,-0.00427246,1409
16.4023,NULL,-0.00408936,1410
16.4102,NULL,-0.00421143,1411
16.4219,NULL,-0.00421143,1412
16.4375,NULL,-0.00421143,1413
16.4531,NULL,-0.00445557,1414
16.4688,NULL,-0.00427246,1415
16.4727,NULL,-0.0043335,1416
16.4766,NULL,-0.0045166,1417
16.4766,NULL,-0.00445557,1418
16.4805,NULL,-0.00476074,1419
16.4883,NULL,-0.00506592,1420
16.4922,NULL,-0.00482178,1421
16.5,NULL,-0.00476074,1422
16.5,NULL,-0.00476074,1423
16.5,NULL,-0.00457764,1424
16.4961,NULL,-0.00463867,1425
16.4922,NULL,-0.00469971,1426
16.4922,NULL,-0.00469971,1427
16.4922,NULL,-0.00457764,1428
16.4922,NULL,-0.00482178,1429
16.4922,NULL,-0.00494385,1430
16.4922,NULL,-0.00512695,1431
16.4961,NULL,-0.00537109,1432
16.4961,NULL,-0.00488281,1433
16.4961,NULL,-0.00415039,1434
16.4961,NULL,-0.00354004,1435
16.5,NULL,-0.00354004,1436
16.5,NULL,-0.00378418,1437
16.5,NULL,-0.00421143,1438
16.5039,NULL,-0.0043335,1439
16.5078,NULL,-0.0043335,1440
16.5156,NULL,-0.0043335,1441
16.5195,NULL,-0.00469971,1442
16.5234,NULL,-0.00494385,1443
16.5352,NULL,-0.00506592,1444
16.543,NULL,-0.00561523,1445
16.5586,NULL,-0.00567627,1446
16.5781,NULL,-0.0055542,1447
16.5977,NULL,-0.00524902,1448
16.6133,NULL,-0.0045166,1449
16.6289,NULL,-0.00396729,1450
16.6367,NULL,-0.00384521,1451
16.6484,NULL,-0.00354004,1452
16.6563,NULL,-0.00360107,1453
16.6563,NULL,-0.00384521,1454
16.6563,NULL,-0.00390625,1455
16.6523,NULL,-0.00408936,1456
16.6445,NULL,-0.00390625,1457
16.6367,NULL,-0.00317383,1458
16.6328,NULL,-0.00256348,1459
16.6289,NULL,-0.0022583,1460
16.6289,NULL,-0.0022583,1461
16.6289,NULL,-0.00274658,1462
16.6328,NULL,-0.003479,1463
16.6367,NULL,-0.00366211,1464
16.6406,NULL,-0.00378418,1465
16.6484,NULL,-0.00396729,1466
16.6523,NULL,-0.00396729,1467
16.6563,NULL,-0.00445557,1468
16.6563,NULL,-0.00494385,1469
16.6563,NULL,-0.00518799,1470
16.6563,NULL,-0.00512695,1471
16.6563,NULL,-0.00482178,1472
16.6563,NULL,-0.00439453,1473
16.6563,NULL,-0.00415039,1474
16.6602,NULL,-0.00427246,1475
16.6602,NULL,-0.00445557,1476
16.6602,NULL,-0.0043335,1477
16.6641,NULL,-0.00366211,1478
16.6641,NULL,-0.00305176,1479
16.668,NULL,-0.00268555,1480
16.6758,NULL,-0.00274658,1481
16.6836,NULL,-0.00317383,1482
16.6914,NULL,-0.00317383,1483
16.6992,NULL,-0.00274658,1484
16.7031,NULL,-0.00213623,1485
16.707,NULL,-0.00158691,1486
16.7109,NULL,-0.00109863,1487
16.7148,NULL,-0.000976563,1488
16.7188,NULL,-0.000671387,1489
16.7227,NULL,-0.000305176,1490
16.7227,NULL,-0.000244141,1491
16.7188,NULL,-0.000610352,1492
16.7188,NULL,-0.0012207,1493
16.7188,NULL,-0.00164795,1494
16.7188,NULL,-0.00140381,1495
16.7188,NULL,-0.000793457,1496
16.7227,NULL,-0.00012207,1497
16.7227,NULL,0.00012207,1498
16.7266,NULL,-0.000305176,1499
16.7305,NULL,-0.000915527,1500
16.7344,NULL,-0.0010376,1501
16.7383,NULL,-0.000915527,1502
16.7461,NULL,-0.000549316,1503
16.75,NULL,-0.00012207,1504
16.7539,NULL,-0.000183105,1505
16.7578,NULL,-6.10352e-05,1506
16.7578,NULL,0.000183105,1507
16.7617,NULL,0.000305176,1508
16.7656,NULL,0.000183105,1509
16.7695,NULL,-0.00012207,1510
16.7734,NULL,-0.000549316,1511
16.7773,NULL,-0.000488281,1512
16.7813,NULL,-0.00012207,1513
16.7852,NULL,0.00012207,1514
16.7891,NULL,0.000427246,1515
16.793,NULL,0.000305176,1516
16.793,NULL,-6.10352e-05,1517
16.7969,NULL,6.10352e-05,1518
16.7969,NULL,0.000427246,1519
16.7969,NULL,0.000732422,1520
16.7969,NULL,0.00115967,1521
16.7969,NULL,0.00128174,1522
16.7969,NULL,0.0012207,1523
16.7969,NULL,0.00152588,1524
16.7969,NULL,0.00183105,1525
16.8008,NULL,0.00213623,1526
16.8047,NULL,0.0022583,1527
16.8086,NULL,0.0022583,1528
16.8164,NULL,0.00250244,1529
16.8242,NULL,0.00256348,1530
16.8281,NULL,0.00268555,1531
16.8398,NULL,0.00292969,1532
16.8477,NULL,0.00305176,1533
16.8594,NULL,0.00305176,1534
16.8711,NULL,0.00286865,1535
16.8906,NULL,0.00238037,1536
16.9023,NULL,0.00189209,1537
16.9219,NULL,0.00177002,1538
16.9297,NULL,0.00189209,1539
16.9375,NULL,0.00189209,1540
16.9453,NULL,0.00213623,1541
16.9492,NULL,0.00231934,1542
16.957,NULL,0.00219727,1543
16.9648,NULL,0.00238037,1544
16.9766,NULL,0.00201416,1545
16.9844,NULL,0.00134277,1546
16.9883,NULL,0.000976563,1547
16.9844,NULL,0.0010376,1548
16.9766,NULL,0.00158691,1549
16.9688,NULL,0.00201416,1550
16.9609,NULL,0.00231934,1551
16.957,NULL,0.00238037,1552
16.9531,NULL,0.0020752,1553
16.9531,NULL,0.00213623,1554
16.9531,NULL,0.00244141,1555
16.957,NULL,0.00250244,1556
16.957,NULL,0.00244141,1557
16.957,NULL,0.00213623,1558
16.9609,NULL,0.00152588,1559
16.9688,NULL,0.0010376,1560
16.9688,NULL,0.000854492,1561
16.9727,NULL,0.000732422,1562
16.9727,NULL,0.000610352,1563
16.9805,NULL,0.000671387,1564
16.9883,NULL,0.000488281,1565
16.9961,NULL,0.000488281,1566
17.0078,NULL,0.000732422,1567
17.0156,NULL,0.00109863,1568
17.0156,NULL,0.00146484,1569
17.0156,NULL,0.00164795,1570
17.0156,NULL,0.00128174,1571
17.0117,NULL,0.000671387,1572
17.0117,NULL,0.00012207,1573
17.0117,NULL,-0.000305176,1574
17.0117,NULL,-0.000427246,1575
17.0156,NULL,-0.000976563,1576
17.0156,NULL,-0.00140381,1577
17.0195,NULL,-0.00158691,1578
17.0195,NULL,-0.00170898,1579
17.0234,NULL,-0.00134277,1580
17.0234,NULL,-0.000915527,1581
17.0273,NULL,-0.000915527,1582
17.0273,NULL,-0.000915527,1583
17.0313,NULL,-0.000854492,1584
17.0313,NULL,-0.0010376,1585
17.0352,NULL,-0.000915527,1586
17.0391,NULL,-0.000854492,1587
17.0391,NULL,-0.00115967,1588
17.043,NULL,-0.00109863,1589
17.0469,NULL,-0.00115967,1590
17.0469,NULL,-0.0012207,1591
17.0508,NULL,-0.00115967,1592
17.0547,NULL,-0.00109863,1593
17.0547,NULL,-0.00115967,1594
17.0586,NULL,-0.00134277,1595
17.0625,NULL,-0.00177002,1596
17.0625,NULL,-0.0022583,1597
17.0664,NULL,-0.00231934,1598
17.0703,NULL,-0.00213623,1599
17.0703,NULL,-0.00189209,1600
17.0742,NULL,-0.00158691,1601
17.0781,NULL,-0.00164795,1602
17.082,NULL,-0.00183105,1603
17.0859,NULL,-0.00158691,1604
17.0898,NULL,-0.00164795,1605
17.0898,NULL,-0.00170898,1606
17.0938,NULL,-0.00183105,1607
17.0977,NULL,-0.00231934,1608
17.0977,NULL,-0.00244141,1609
17.1016,NULL,-0.00238037,1610
17.1055,NULL,-0.00256348,1611
17.1094,NULL,-0.00262451,1612
17.1133,NULL,-0.00305176,1613
17.1172,NULL,-0.00323486,1614
17.1211,NULL,-0.00305176,1615
17.125,NULL,-0.00286865,1616
17.125,NULL,-0.00244141,1617
17.125,NULL,-0.0022583,1618
17.125,NULL,-0.00195313,1619
17.1289,NULL,-0.00140381,1620
17.125,NULL,-0.000854492,1621
17.125,NULL,-0.000427246,1622
17.1289,NULL,-0.000427246,1623
17.1328,NULL,-0.000427246,1624
17.1367,NULL,-0.000854492,1625
17.1406,NULL,-0.0010376,1626
17.1406,NULL,-0.0010376,1627
17.1406,NULL,-0.00140381,1628
17.1367,NULL,-0.00164795,1629
17.1367,NULL,-0.0020752,1630
17.1367,NULL,-0.00262451,1631
17.1367,NULL,-0.00250244,1632
17.1367,NULL,-0.00244141,1633
17.1328,NULL,-0.0020752,1634
17.1328,NULL,-0.00134277,1635
17.1328,NULL,-0.000976563,1636
17.1328,NULL,-0.000915527,1637
17.1328,NULL,-0.0010376,1638
17.1328,NULL,-0.00146484,1639
17.1328,NULL,-0.00152588,1640
17.1367,NULL,-0.00134277,1641
17.1367,NULL,-0.00164795,1642
17.1406,NULL,-0.0020752,1643
17.1406,NULL,-0.00238037,1644
17.1406,NULL,-0.00244141,1645
17.1406,NULL,-0.00183105,1646
17.1406,NULL,-0.00134277,1647
17.1445,NULL,-0.0010376,1648
17.1484,NULL,-0.0010376,1649
17.1484,NULL,-0.000976563,1650
17.1523,NULL,-0.0010376,1651
17.1563,NULL,-0.00109863,1652
17.1563,NULL,-0.00115967,1653
17.1602,NULL,-0.00152588,1654
17.1602,NULL,-0.00152588,1655
17.1602,NULL,-0.00183105,1656
17.1602,NULL,-0.00219727,1657
17.1602,NULL,-0.00250244,1658
17.1563,NULL,-0.00256348,1659
17.1563,NULL,-0.00231934,1660
17.1563,NULL,-0.00177002,1661
17.1563,NULL,-0.00134277,1662
17.1563,NULL,-0.00115967,1663
17.1563,NULL,-0.0010376,1664
17.1602,NULL,-0.00109863,1665
17.1641,NULL,-0.0010376,1666
17.168,NULL,-0.00134277,1667
17.1719,NULL,-0.00152588,1668
17.1719,NULL,-0.00140381,1669
17.1758,NULL,-0.00134277,1670
17.1797,NULL,-0.00115967,1671
17.1797,NULL,-0.00115967,1672
17.1836,NULL,-0.00134277,1673
17.1875,NULL,-0.00158691,1674
17.1875,NULL,-0.00128174,1675
17.1914,NULL,-0.0012207,1676
17.1914,NULL,-0.00140381,1677
17.1953,NULL,-0.00140381,1678
17.1992,NULL,-0.00164795,1679
17.2031,NULL,-0.00177002,1680
17.2031,NULL,-0.00152588,1681
17.207,NULL,-0.00140381,1682
17.2148,NULL,-0.00152588,1683
17.2188,NULL,-0.00152588,1684
17.2227,NULL,-0.00201416,1685
17.2266,NULL,-0.00244141,1686
17.2305,NULL,-0.00238037,1687
17.2422,NULL,-0.00201416,1688
17.2539,NULL,-0.00152588,1689
17.2734,NULL,-0.0012207,1690
17.293,NULL,-0.00152588,1691
17.3125,NULL,-0.00164795,1692
17.3242,NULL,-0.00140381,1693
17.3242,NULL,-0.0012207,1694
17.3242,NULL,-0.000732422,1695
17.3281,NULL,-0.000915527,1696
17.3281,NULL,-0.000732422,1697
17.332,NULL,-0.000610352,1698
17.3398,NULL,-0.000732422,1699
17.3477,NULL,-0.00140381,1700
17.3438,NULL,-0.00189209,1701
17.3398,NULL,-0.00250244,1702
17.3359,NULL,-0.00292969,1703
17.332,NULL,-0.00305176,1704
17.3242,NULL,-0.00311279,1705
17.3203,NULL,-0.00280762,1706
17.3203,NULL,-0.00201416,1707
17.3164,NULL,-0.00140381,1708
17.3164,NULL,-0.00115967,1709
17.3164,NULL,-0.0010376,1710
17.3164,NULL,-0.0012207,1711
17.3164,NULL,-0.00109863,1712
17.3164,NULL,-0.00140381,1713
17.3164,NULL,-0.0020752,1714
17.3203,NULL,-0.00274658,1715
17.3242,NULL,-0.00317383,1716
17.3242,NULL,-0.00335693,1717
17.3281,NULL,-0.00305176,1718
17.3281,NULL,-0.00274658,1719
17.332,NULL,-0.00262451,1720
17.332,NULL,-0.00274658,1721
17.3281,NULL,-0.00274658,1722
17.3281,NULL,-0.00244141,1723
17.3281,NULL,-0.00164795,1724
17.3281,NULL,-0.000915527,1725
17.3281,NULL,-0.000732422,1726
17.3281,NULL,-0.0012207,1727
17.332,NULL,-0.00195313,1728
17.332,NULL,-0.00238037,1729
17.3359,NULL,-0.00244141,1730
17.3359,NULL,-0.00250244,1731
17.3398,NULL,-0.00250244,1732
17.3398,NULL,-0.00244141,1733
17.3477,NULL,-0.00244141,1734
17.3555,NULL,-0.00195313,1735
17.3594,NULL,-0.00152588,1736
17.3672,NULL,-0.0012207,1737
17.375,NULL,-0.000732422,1738
17.375,NULL,-0.000549316,1739
17.375,NULL,-0.000366211,1740
17.3789,NULL,-0.000305176,1741
17.375,NULL,-0.000549316,1742
17.3711,NULL,-0.000915527,1743
17.3711,NULL,-0.00158691,1744
17.375,NULL,-0.00231934,1745
17.375,NULL,-0.00244141,1746
17.375,NULL,-0.00219727,1747
17.375,NULL,-0.00164795,1748
17.375,NULL,-0.0012207,1749
17.3789,NULL,-0.00152588,1750
17.3789,NULL,-0.00213623,1751
17.3789,NULL,-0.00231934,1752
17.3828,NULL,-0.00244141,1753
17.3828,NULL,-0.00262451,1754
17.3867,NULL,-0.00292969,1755
17.3867,NULL,-0.00354004,1756
17.3906,NULL,-0.00366211,1757
17.3906,NULL,-0.00305176,1758
17.3906,NULL,-0.00219727,1759
17.3945,NULL,-0.00140381,1760
17.3984,NULL,-0.0010376,1761
17.4023,NULL,-0.0012207,1762
17.4063,NULL,-0.00140381,1763
17.4063,NULL,-0.00128174,1764
17.4102,NULL,-0.00115967,1765
17.4141,NULL,-0.00115967,1766
17.418,NULL,-0.00158691,1767
17.4219,NULL,-0.00201416,1768
17.4219,NULL,-0.00195313,1769
17.4219,NULL,-0.00195313,1770
17.4258,NULL,-0.00177002,1771
17.4258,NULL,-0.00164795,1772
17.4258,NULL,-0.00201416,1773
17.4297,NULL,-0.00213623,1774
17.4297,NULL,-0.00195313,1775
17.4297,NULL,-0.00195313,1776
17.4336,NULL,-0.00195313,1777
17.4336,NULL,-0.00195313,1778
17.4336,NULL,-0.0022583,1779
17.4336,NULL,-0.00238037,1780
17.4375,NULL,-0.00231934,1781
17.4375,NULL,-0.0022583,1782
17.4375,NULL,-0.00195313,1783
17.4414,NULL,-0.00183105,1784
17.4414,NULL,-0.00183105,1785
17.4414,NULL,-0.00195313,1786
17.4453,NULL,-0.00213623,1787
17.4453,NULL,-0.00213623,1788
17.4453,NULL,-0.00170898,1789
17.4492,NULL,-0.00152588,1790
17.4492,NULL,-0.00158691,1791
17.4531,NULL,-0.00201416,1792
17.4531,NULL,-0.00262451,1793
17.4531,NULL,-0.00286865,1794
17.457,NULL,-0.00280762,1795
17.457,NULL,-0.00250244,1796
17.4609,NULL,-0.00244141,1797
17.4648,NULL,-0.00219727,1798
17.4648,NULL,-0.00195313,1799
17.4688,NULL,-0.00140381,1800
17.4688,NULL,-0.000793457,1801
17.4727,NULL,-0.000610352,1802
17.4766,NULL,-0.000671387,1803
17.4805,NULL,-0.000854492,1804
17.4805,NULL,-0.000915527,1805
17.4844,NULL,-0.000366211,1806
17.4883,NULL,0.00012207,1807
17.4922,NULL,0.000610352,1808
17.4961,NULL,0.00134277,1809
17.4961,NULL,0.00231934,1810
17.5,NULL,0.00323486,1811
17.5,NULL,0.00415039,1812
17.5039,NULL,0.00457764,1813
17.5039,NULL,0.00457764,1814
17.5039,NULL,0.00512695,1815
17.5039,NULL,0.00585938,1816
17.5039,NULL,0.00689697,1817
17.5039,NULL,0.00787354,1818
17.5039,NULL,0.00854492,1819
17.5039,NULL,0.00891113,1820
17.5039,NULL,0.00933838,1821
17.5,NULL,0.0098877,1822
17.5,NULL,0.0107422,1823
17.5,NULL,0.0116577,1824
17.5,NULL,0.0123291,1825
17.5,NULL,0.0128784,1826
17.5078,NULL,0.0133057,1827
17.5234,NULL,0.0140381,1828
17.5313,NULL,0.0150757,1829
17.5469,NULL,0.0160522,1830
17.5625,NULL,0.0169067,1831
17.5664,NULL,0.0175781,1832
17.5703,NULL,0.0179443,1833
17.5781,NULL,0.0182495,1834
17.5898,NULL,0.0187378,1835
17.6016,NULL,0.019165,1836
17.6094,NULL,0.0192261,1837
17.6172,NULL,0.0194092,1838
17.6211,NULL,0.0197144,1839
17.625,NULL,0.0201416,1840
17.625,NULL,0.0210571,1841
17.625,NULL,0.0213013,1842
17.6211,NULL,0.0211182,1843
17.6133,NULL,0.0203857,1844
17.6016,NULL,0.0193481,1845
17.5898,NULL,0.0189209,1846
17.5859,NULL,0.0185547,1847
17.582,NULL,0.0183105,1848
17.582,NULL,0.0182495,1849
17.582,NULL,0.0179443,1850
17.582,NULL,0.0177612,1851
17.582,NULL,0.0178833,1852
17.582,NULL,0.0178833,1853
17.582,NULL,0.0175781,1854
17.582,NULL,0.0170898,1855
17.5781,NULL,0.0162964,1856
17.582,NULL,0.0155029,1857
17.5938,NULL,0.015564,1858
17.6055,NULL,0.0151367,1859
17.6172,NULL,0.0145874,1860
17.6289,NULL,0.013855,1861
17.6289,NULL,0.0125122,1862
17.6211,NULL,0.0115356,1863
17.6094,NULL,0.0107422,1864
17.6016,NULL,0.00976563,1865
17.5977,NULL,0.00866699,1866
17.5938,NULL,0.00720215,1867
17.5898,NULL,0.00592041,1868
17.5898,NULL,0.00524902,1869
17.5898,NULL,0.00482178,1870
17.5938,NULL,0.00427246,1871
17.5938,NULL,0.00366211,1872
17.5977,NULL,0.00311279,1873
17.5977,NULL,0.00286865,1874
17.6016,NULL,0.00323486,1875
17.6016,NULL,0.00354004,1876
17.6055,NULL,0.00354004,1877
17.6094,NULL,0.00335693,1878
17.6172,NULL,0.00299072,1879
17.6211,NULL,0.00299072,1880
17.625,NULL,0.00323486,1881
17.6328,NULL,0.00311279,1882
17.6367,NULL,0.00292969,1883
17.6406,NULL,0.00250244,1884
17.6406,NULL,0.00213623,1885
17.6406,NULL,0.00244141,1886
17.6406,NULL,0.00274658,1887
17.6406,NULL,0.00286865,1888
17.6367,NULL,0.00256348,1889
17.6367,NULL,0.00189209,1890
17.6406,NULL,0.00134277,1891
17.6406,NULL,0.00140381,1892
17.6406,NULL,0.00164795,1893
17.6406,NULL,0.00189209,1894
17.6406,NULL,0.00158691,1895
17.6406,NULL,0.000976563,1896
17.6445,NULL,0.000488281,1897
17.6445,NULL,0.000305176,1898
17.6445,NULL,0.000305176,1899
17.6445,NULL,0.000244141,1900
17.6484,NULL,0,1901
17.6484,NULL,-0.000366211,1902
17.6523,NULL,-0.000427246,1903
17.6523,NULL,-0.00012207,1904
17.6563,NULL,0,1905
17.6602,NULL,-6.10352e-05,1906
17.6641,NULL,-0.000427246,1907
17.668,NULL,-0.000915527,1908
17.6719,NULL,-0.000732422,1909
17.6758,NULL,-0.000488281,1910
17.6797,NULL,-0.000305176,1911
17.6875,NULL,-0.000427246,1912
17.6914,NULL,-0.00158691,1913
17.6953,NULL,-0.00268555,1914
17.6992,NULL,-0.0032959,1915
17.6992,NULL,-0.00335693,1916
17.7031,NULL,-0.00305176,1917
17.7031,NULL,-0.00286865,1918
17.7031,NULL,-0.00286865,1919
17.707,NULL,-0.00262451,1920
17.707,NULL,-0.00213623,1921
17.707,NULL,-0.00164795,1922
17.7109,NULL,-0.00177002,1923
17.7109,NULL,-0.00238037,1924
17.7109,NULL,-0.00299072,1925
17.7148,NULL,-0.00311279,1926
17.7148,NULL,-0.00341797,1927
17.7188,NULL,-0.00439453,1928
17.7227,NULL,-0.0057373,1929
17.7266,NULL,-0.00744629,1930
17.7305,NULL,-0.00860596,1931
17.7344,NULL,-0.00866699,1932
17.7383,NULL,-0.00872803,1933
17.7383,NULL,-0.00866699,1934
17.7422,NULL,-0.00860596,1935
17.7461,NULL,-0.00891113,1936
17.75,NULL,-0.00897217,1937
17.7539,NULL,-0.0088501,1938
17.7539,NULL,-0.00878906,1939
17.7539,NULL,-0.00866699,1940
17.7578,NULL,-0.00872803,1941
17.7578,NULL,-0.00891113,1942
17.7578,NULL,-0.00897217,1943
17.7656,NULL,-0.0090332,1944
17.7695,NULL,-0.0088501,1945
17.7734,NULL,-0.00866699,1946
17.7734,NULL,-0.00860596,1947
17.7734,NULL,-0.00872803,1948
17.7695,NULL,-0.00860596,1949
17.7656,NULL,-0.00848389,1950
17.7656,NULL,-0.00799561,1951
17.7656,NULL,-0.00738525,1952
17.7656,NULL,-0.00708008,1953
17.7656,NULL,-0.00671387,1954
17.7695,NULL,-0.00628662,1955
17.7695,NULL,-0.00567627,1956
17.7773,NULL,-0.00469971,1957
17.7813,NULL,-0.00366211,1958
17.7852,NULL,-0.00299072,1959
17.793,NULL,-0.00219727,1960
17.7969,NULL,-0.00152588,1961
17.7969,NULL,-0.000915527,1962
17.8008,NULL,-0.000244141,1963
17.8008,NULL,-0.000183105,1964
17.8008,NULL,-0.000244141,1965
17.8008,NULL,6.10352e-05,1966
17.8047,NULL,0.000732422,1967
17.8047,NULL,0.00183105,1968
17.8047,NULL,0.00262451,1969
17.8047,NULL,0.00286865,1970
17.8047,NULL,0.00274658,1971
17.8047,NULL,0.00292969,1972
17.8047,NULL,0.00335693,1973
17.8047,NULL,0.00384521,1974
17.8125,NULL,0.00427246,1975
17.8203,NULL,0.00427246,1976
17.8359,NULL,0.0045166,1977
17.8555,NULL,0.00506592,1978
17.8672,NULL,0.00531006,1979
17.8711,NULL,0.00531006,1980
17.875,NULL,0.00476074,1981
17.875,NULL,0.00378418,1982
17.8672,NULL,0.00335693,1983
17.8672,NULL,0.00311279,1984
17.8633,NULL,0.00317383,1985
17.8594,NULL,0.00317383,1986
17.8516,NULL,0.00268555,1987
17.8516,NULL,0.00244141,1988
17.8477,NULL,0.00262451,1989
17.8477,NULL,0.00292969,1990
17.8477,NULL,0.00323486,1991
17.8477,NULL,0.00311279,1992
17.8477,NULL,0.00219727,1993
17.8477,NULL,0.00128174,1994
17.8516,NULL,0.000793457,1995
17.8516,NULL,0.000793457,1996
17.8516,NULL,0.0010376,1997
17.8516,NULL,0.0010376,1998
17.8516,NULL,0.000732422,1999
17.8516,NULL,0.000488281,2000
17.8516,NULL,0.000549316,2001
17.8516,NULL,0.000854492,2002
17.8555,NULL,0.00128174,2003
17.8555,NULL,0.00140381,2004
17.8594,NULL,0.0010376,2005
17.8594,NULL,0.000976563,2006
17.8672,NULL,0.000976563,2007
17.8711,NULL,0.000915527,2008
17.8789,NULL,0.0010376,2009
17.8867,NULL,0.0010376,2010
17.8906,NULL,0.00134277,2011
17.8906,NULL,0.00195313,2012
17.8867,NULL,0.00250244,2013
17.8867,NULL,0.00238037,2014
17.8789,NULL,0.00170898,2015
17.875,NULL,0.000915527,2016
17.8711,NULL,0.000427246,2017
17.8711,NULL,0.000244141,2018
17.8711,NULL,0,2019
17.8711,NULL,-0.000549316,2020
17.8711,NULL,-0.00128174,2021
17.875,NULL,-0.00183105,2022
17.875,NULL,-0.00164795,2023
17.875,NULL,-0.00128174,2024
17.8789,NULL,-0.00115967,2025
17.8789,NULL,-0.00109863,2026
17.8789,NULL,-0.00177002,2027
17.8789,NULL,-0.00219727,2028
17.8789,NULL,-0.00213623,2029
17.875,NULL,-0.0022583,2030
17.875,NULL,-0.00244141,2031
17.8672,NULL,-0.00256348,2032
17.8633,NULL,-0.00299072,2033
17.8594,NULL,-0.00317383,2034
17.8555,NULL,-0.00286865,2035
17.8477,NULL,-0.00256348,2036
17.8438,NULL,-0.00201416,2037
17.8398,NULL,-0.00170898,2038
17.832,NULL,-0.00158691,2039
17.8281,NULL,-0.00152588,2040
17.8281,NULL,-0.00134277,2041
17.8242,NULL,-0.0010376,2042
17.8242,NULL,-0.000915527,2043
17.8242,NULL,-0.000976563,2044
17.8242,NULL,-0.00146484,2045
17.8203,NULL,-0.00201416,2046
17.8203,NULL,-0.00213623,2047
17.8164,NULL,-0.00213623,2048
17.8164,NULL,-0.00219727,2049
17.8125,NULL,-0.00231934,2050
17.8086,NULL,-0.00244141,2051
17.8047,NULL,-0.0022583,2052
17.7969,NULL,-0.00183105,2053
17.793,NULL,-0.00164795,2054
17.7852,NULL,-0.00170898,2055
17.7813,NULL,-0.00201416,2056
17.7734,NULL,-0.00177002,2057
17.7656,NULL,-0.00115967,2058
17.7578,NULL,-0.000366211,2059
17.75,NULL,0.000427246,2060
17.7422,NULL,0.000610352,2061
17.7344,NULL,0.000427246,2062
17.7305,NULL,6.10352e-05,2063
17.7227,NULL,-0.000793457,2064
17.7188,NULL,-0.00152588,2065
17.7109,NULL,-0.00201416,2066
17.707,NULL,-0.00244141,2067
17.6992,NULL,-0.00268555,2068
17.6953,NULL,-0.00286865,2069
17.6914,NULL,-0.00305176,2070
17.6875,NULL,-0.00323486,2071
17.6836,NULL,-0.0032959,2072
17.6836,NULL,-0.00341797,2073
17.6797,NULL,-0.0032959,2074
17.6758,NULL,-0.00311279,2075
17.6758,NULL,-0.00286865,2076
17.6719,NULL,-0.00256348,2077
17.668,NULL,-0.00250244,2078
17.6641,NULL,-0.00244141,2079
17.6602,NULL,-0.00195313,2080
17.6563,NULL,-0.00158691,2081
17.6523,NULL,-0.00115967,2082
17.6445,NULL,-0.000976563,2083
17.6367,NULL,-0.00164795,2084
17.6328,NULL,-0.00256348,2085
17.6289,NULL,-0.00292969,2086
17.625,NULL,-0.00292969,2087
17.6211,NULL,-0.00292969,2088
17.6172,NULL,-0.00262451,2089
17.6094,NULL,-0.00274658,2090
17.6055,NULL,-0.0032959,2091
17.6016,NULL,-0.00372314,2092
17.5938,NULL,-0.00427246,2093
17.5898,NULL,-0.00445557,2094
17.582,NULL,-0.00469971,2095
17.5781,NULL,-0.00476074,2096
17.5703,NULL,-0.0043335,2097
17.5664,NULL,-0.00378418,2098
17.5625,NULL,-0.00299072,2099
17.5586,NULL,-0.00189209,2100
17.5547,NULL,-0.00152588,2101
17.5547,NULL,-0.00152588,2102
17.5508,NULL,-0.00177002,2103
17.5508,NULL,-0.00213623,2104
17.5508,NULL,-0.00183105,2105
17.5508,NULL,-0.00140381,2106
17.5508,NULL,-0.00134277,2107
17.5469,NULL,-0.0012207,2108
17.543,NULL,-0.00146484,2109
17.5352,NULL,-0.00183105,2110
17.5313,NULL,-0.00170898,2111
17.5234,NULL,-0.00158691,2112
17.5195,NULL,-0.00164795,2113
17.5156,NULL,-0.00183105,2114
17.5117,NULL,-0.00213623,2115
17.5039,NULL,-0.00262451,2116
17.4961,NULL,-0.00286865,2117
17.4883,NULL,-0.00286865,2118
17.4844,NULL,-0.00299072,2119
17.4766,NULL,-0.00262451,2120
17.4688,NULL,-0.00238037,2121
17.4648,NULL,-0.00256348,2122
17.457,NULL,-0.00256348,2123
17.4531,NULL,-0.0032959,2124
17.4492,NULL,-0.00378418,2125
17.4453,NULL,-0.00378418,2126
17.4414,NULL,-0.003479,2127
17.4375,NULL,-0.00305176,2128
17.4336,NULL,-0.00274658,2129
17.4297,NULL,-0.00274658,2130
17.4258,NULL,-0.00292969,2131
17.418,NULL,-0.00280762,2132
17.4141,NULL,-0.00244141,2133
17.4063,NULL,-0.00177002,2134
17.3984,NULL,-0.00115967,2135
17.3945,NULL,-0.0010376,2136
17.3867,NULL,-0.000976563,2137
17.3789,NULL,-0.0012207,2138
17.375,NULL,-0.00152588,2139
17.3711,NULL,-0.00146484,2140
17.3633,NULL,-0.00183105,2141
17.3594,NULL,-0.0022583,2142
17.3555,NULL,-0.00268555,2143
17.3516,NULL,-0.00335693,2144
17.3438,NULL,-0.00396729,2145
17.3398,NULL,-0.00415039,2146
17.3359,NULL,-0.00445557,2147
17.332,NULL,-0.00476074,2148
17.3281,NULL,-0.00488281,2149
17.3281,NULL,-0.00494385,2150
17.3242,NULL,-0.00476074,2151
17.3242,NULL,-0.0045166,2152
17.3203,NULL,-0.00439453,2153
17.3164,NULL,-0.00439453,2154
17.3125,NULL,-0.00439453,2155
17.3086,NULL,-0.00445557,2156
17.3047,NULL,-0.00408936,2157
17.3008,NULL,-0.00372314,2158
17.293,NULL,-0.00335693,2159
17.2891,NULL,-0.00286865,2160
17.2852,NULL,-0.00292969,2161
17.2813,NULL,-0.00292969,2162
17.2773,NULL,-0.00274658,2163
17.2773,NULL,-0.00274658,2164
17.2734,NULL,-0.00262451,2165
17.2695,NULL,-0.00286865,2166
17.2656,NULL,-0.00305176,2167
17.2578,NULL,-0.00323486,2168
17.2539,NULL,-0.00292969,2169
17.25,NULL,-0.00262451,2170
17.2422,NULL,-0.00250244,2171
17.2383,NULL,-0.00244141,2172
17.2305,NULL,-0.00274658,2173
17.2266,NULL,-0.00286865,2174
17.2266,NULL,-0.00317383,2175
17.2227,NULL,-0.00335693,2176
17.2227,NULL,-0.003479,2177
17.2188,NULL,-0.00378418,2178
17.2148,NULL,-0.00390625,2179
17.2148,NULL,-0.00402832,2180
17.2109,NULL,-0.00402832,2181
17.2031,NULL,-0.00372314,2182
17.1992,NULL,-0.00354004,2183
17.1953,NULL,-0.00335693,2184
17.1914,NULL,-0.00341797,2185
17.1836,NULL,-0.003479,2186
17.1797,NULL,-0.00366211,2187
17.1719,NULL,-0.00372314,2188
17.1641,NULL,-0.00384521,2189
17.1602,NULL,-0.0043335,2190
17.1523,NULL,-0.0045166,2191
17.1484,NULL,-0.00482178,2192
17.1445,NULL,-0.00476074,2193
17.1367,NULL,-0.00421143,2194
17.1328,NULL,-0.00378418,2195
17.1289,NULL,-0.00335693,2196
17.125,NULL,-0.00323486,2197
17.1211,NULL,-0.00317383,2198
17.1172,NULL,-0.00305176,2199
17.1133,NULL,-0.00262451,2200
17.1094,NULL,-0.00250244,2201
17.1055,NULL,-0.00268555,2202
17.1016,NULL,-0.00280762,2203
17.0977,NULL,-0.00323486,2204
17.0938,NULL,-0.00317383,2205
17.0898,NULL,-0.00274658,2206
17.082,NULL,-0.00250244,2207
17.0781,NULL,-0.0022583,2208
17.0742,NULL,-0.00189209,2209
17.0703,NULL,-0.00183105,2210
17.0664,NULL,-0.00170898,2211
17.0625,NULL,-0.00152588,2212
17.0586,NULL,-0.00152588,2213
17.0508,NULL,-0.00140381,2214
17.0469,NULL,-0.0010376,2215
17.043,NULL,-0.000793457,2216
17.0391,NULL,-0.000488281,2217
17.0352,NULL,-0.000427246,2218
17.0313,NULL,-0.000427246,2219
17.0273,NULL,-0.000427246,2220
17.0234,NULL,-0.000549316,2221
17.0195,NULL,-0.000610352,2222
17.0156,NULL,-0.000793457,2223
17.0117,NULL,-0.0010376,2224
17.0078,NULL,-0.000976563,2225
17.0039,NULL,-0.000671387,2226
16.9961,NULL,-0.000305176,2227
16.9922,NULL,0,2228
16.9883,NULL,0.000183105,2229
16.9844,NULL,0.00012207,2230
16.9766,NULL,0.000732422,2231
16.9727,NULL,0.000854492,2232
16.9648,NULL,0.0012207,2233
16.9609,NULL,0.00183105,2234
16.957,NULL,0.00213623,2235
16.9492,NULL,0.00244141,2236
16.9453,NULL,0.00256348,2237
16.9414,NULL,0.00256348,2238
16.9375,NULL,0.00213623,2239
16.9336,NULL,0.00231934,2240
16.9336,NULL,0.00256348,2241
16.9297,NULL,0.00274658,2242
16.9258,NULL,0.00311279,2243
16.9258,NULL,0.00335693,2244
16.918,NULL,0.00366211,2245
16.918,NULL,0.00378418,2246
16.9141,NULL,0.00372314,2247
16.9102,NULL,0.00378418,2248
16.9063,NULL,0.00378418,2249
16.9063,NULL,0.00360107,2250
16.9023,NULL,0.00341797,2251
16.8945,NULL,0.00317383,2252
16.8945,NULL,0.00286865,2253
16.8984,NULL,0.00292969,2254
16.9023,NULL,0.00299072,2255
16.9023,NULL,0.00280762,2256
16.9063,NULL,0.00280762,2257
16.9023,NULL,0.00286865,2258
16.8906,NULL,0.00317383,2259
16.8789,NULL,0.00360107,2260
16.8711,NULL,0.00360107,2261
16.8633,NULL,0.0032959,2262
16.8594,NULL,0.00305176,2263
16.8555,NULL,0.00256348,2264
16.8477,NULL,0.00256348,2265
16.8398,NULL,0.00256348,2266
16.832,NULL,0.00244141,2267
16.8281,NULL,0.00262451,2268
16.8203,NULL,0.00256348,2269
16.8164,NULL,0.00280762,2270
16.8125,NULL,0.00323486,2271
16.8086,NULL,0.00341797,2272
16.8047,NULL,0.00366211,2273
16.7969,NULL,0.00366211,2274
16.793,NULL,0.0032959,2275
16.7891,NULL,0.00286865,2276
16.7852,NULL,0.00274658,2277
16.7773,NULL,0.00292969,2278
16.7695,NULL,0.00305176,2279
16.7656,NULL,0.00317383,2280
16.7578,NULL,0.00274658,2281
16.7578,NULL,0.00231934,2282
16.7656,NULL,0.00213623,2283
16.7734,NULL,0.00219727,2284
16.7813,NULL,0.00250244,2285
16.793,NULL,0.00250244,2286
16.7969,NULL,0.00219727,2287
16.793,NULL,0.00183105,2288
16.7852,NULL,0.00140381,2289
16.7773,NULL,0.00140381,2290
16.7656,NULL,0.00189209,2291
16.7578,NULL,0.0020752,2292
16.7539,NULL,0.0020752,2293
16.7461,NULL,0.00195313,2294
16.7422,NULL,0.00170898,2295
16.7305,NULL,0.00170898,2296
16.7227,NULL,0.00201416,2297
16.7148,NULL,0.00183105,2298
16.7109,NULL,0.00134277,2299
16.707,NULL,0.000915527,2300
16.7031,NULL,0.000549316,2301
16.6992,NULL,0.000427246,2302
16.6992,NULL,0.000671387,2303
16.6953,NULL,0.000549316,2304
16.6914,NULL,0.000183105,2305
16.6875,NULL,-0.000244141,2306
16.6836,NULL,-0.000549316,2307
16.6797,NULL,-0.000488281,2308
16.6758,NULL,-0.000305176,2309
16.668,NULL,6.10352e-05,2310
16.6602,NULL,0.000244141,2311
16.6523,NULL,0.000427246,2312
16.6484,NULL,0.000915527,2313
16.6406,NULL,0.00128174,2314
16.6328,NULL,0.00140381,2315
16.6289,NULL,0.00152588,2316
16.625,NULL,0.00134277,2317
16.6211,NULL,0.0010376,2318
16.6211,NULL,0.000915527,2319
16.625,NULL,0.000793457,2320
16.6172,NULL,0.000366211,2321
16.6172,NULL,6.10352e-05,2322
16.6172,NULL,-0.000305176,2323
16.6172,NULL,-0.000671387,2324
16.6094,NULL,-0.000610352,2325
16.6016,NULL,-0.000610352,2326
16.5898,NULL,-0.000549316,2327
16.5781,NULL,-0.000366211,2328
16.5703,NULL,-0.000793457,2329
16.5664,NULL,-0.0012207,2330
16.5625,NULL,-0.00128174,2331
16.5586,NULL,-0.00140381,2332
16.5586,NULL,-0.0012207,2333
16.5547,NULL,-0.000793457,2334
16.5547,NULL,-0.000793457,2335
16.5508,NULL,-0.0012207,2336
16.5508,NULL,-0.00128174,2337
16.5508,NULL,-0.00152588,2338
16.5508,NULL,-0.00134277,2339
16.5469,NULL,-0.000793457,2340
16.5469,NULL,-0.000732422,2341
16.543,NULL,-0.000854492,2342
16.5391,NULL,-0.0012207,2343
16.5352,NULL,-0.00164795,2344
16.5313,NULL,-0.00152588,2345
16.5273,NULL,-0.0012207,2346
16.5195,NULL,-0.00115967,2347
16.5117,NULL,-0.00115967,2348
16.5039,NULL,-0.00134277,2349
16.5,NULL,-0.00152588,2350
16.4922,NULL,-0.00109863,2351
16.4844,NULL,-0.000549316,2352
16.4766,NULL,-0.000244141,2353
16.4688,NULL,-0.000366211,2354
16.4648,NULL,-0.000915527,2355
16.4609,NULL,-0.00140381,2356
16.457,NULL,-0.00134277,2357
16.4531,NULL,-0.000915527,2358
16.4492,NULL,-0.000183105,2359
16.4453,NULL,6.10352e-05,2360
16.4414,NULL,-0.00012207,2361
16.4414,NULL,-0.000427246,2362
16.4414,NULL,-0.000671387,2363
16.4375,NULL,-0.000610352,2364
16.4375,NULL,-0.000305176,2365
16.4375,NULL,-0.000305176,2366
16.4336,NULL,-0.000976563,2367
16.4336,NULL,-0.00158691,2368
16.4297,NULL,-0.00219727,2369
16.4297,NULL,-0.00231934,2370
16.4258,NULL,-0.00183105,2371
16.4258,NULL,-0.00164795,2372
16.4219,NULL,-0.00170898,2373
16.418,NULL,-0.00140381,2374
16.4141,NULL,-0.00128174,2375
16.4063,NULL,-0.000732422,2376
16.4023,NULL,0,2377
16.3945,NULL,0.000305176,2378
16.3906,NULL,0.000427246,2379
16.3867,NULL,0.000244141,2380
16.3789,NULL,0,2381
16.375,NULL,6.10352e-05,2382
16.3711,NULL,0.000183105,2383
16.3672,NULL,0.000305176,2384
16.3594,NULL,0.00012207,2385
16.3555,NULL,-0.000183105,2386
16.3555,NULL,-0.000549316,2387
16.3555,NULL,-0.000610352,2388
16.3516,NULL,-0.000427246,2389
16.3516,NULL,-0.000427246,2390
16.3516,NULL,-0.000427246,2391
16.3516,NULL,-0.00109863,2392
16.3477,NULL,-0.00164795,2393
16.3477,NULL,-0.00177002,2394
16.3477,NULL,-0.00177002,2395
16.3438,NULL,-0.00158691,2396
16.3398,NULL,-0.00177002,2397
16.3359,NULL,-0.00231934,2398
16.332,NULL,-0.00262451,2399
16.3281,NULL,-0.00250244,2400
16.3242,NULL,-0.00213623,2401
16.3203,NULL,-0.00146484,2402
16.3164,NULL,-0.00134277,2403
16.3125,NULL,-0.00152588,2404
16.3086,NULL,-0.00152588,2405
16.3008,NULL,-0.00152588,2406
16.2969,NULL,-0.0012207,2407
16.293,NULL,-0.000610352,2408
16.2891,NULL,-0.000305176,2409
16.2852,NULL,-0.000244141,2410
16.2813,NULL,-6.10352e-05,2411
16.2773,NULL,0,2412
16.2773,NULL,0.000305176,2413
16.2734,NULL,0.000732422,2414
16.2734,NULL,0.000610352,2415
16.2734,NULL,0.000305176,2416
16.2734,NULL,-0.00012207,2417
16.2695,NULL,-0.000732422,2418
16.2695,NULL,-0.000915527,2419
16.2656,NULL,-0.000610352,2420
16.2617,NULL,-0.000305176,2421
16.2578,NULL,6.10352e-05,2422
16.25,NULL,0.000183105,2423
16.2461,NULL,6.10352e-05,2424
16.2422,NULL,0,2425
16.2383,NULL,0,2426
16.2344,NULL,0,2427
16.2305,NULL,-6.10352e-05,2428
16.2227,NULL,-0.000610352,2429
16.2227,NULL,-0.000976563,2430
16.2188,NULL,-0.000915527,2431
16.2188,NULL,-0.000610352,2432
16.2188,NULL,0,2433
16.2188,NULL,0.000549316,2434
16.2188,NULL,0.000427246,2435
16.2188,NULL,0.000305176,2436
16.2188,NULL,0.000183105,2437
16.2148,NULL,0.000244141,2438
16.2148,NULL,0.000671387,2439
16.2109,NULL,0.000854492,2440
16.2031,NULL,0.000732422,2441
16.1992,NULL,0.000671387,2442
16.1953,NULL,0.000427246,2443
16.1875,NULL,0.000793457,2444
16.1836,NULL,0.00146484,2445
16.1797,NULL,0.00183105,2446
16.1758,NULL,0.00183105,2447
16.1719,NULL,0.00170898,2448
16.1719,NULL,0.00140381,2449
16.1719,NULL,0.00177002,2450
16.1719,NULL,0.00250244,2451
16.1719,NULL,0.00274658,2452
16.1758,NULL,0.00292969,2453
16.1758,NULL,0.00286865,2454
16.1758,NULL,0.00274658,2455
16.1719,NULL,0.00292969,2456
16.1719,NULL,0.00305176,2457
16.168,NULL,0.00286865,2458
16.1641,NULL,0.00274658,2459
16.1563,NULL,0.00256348,2460
16.1523,NULL,0.00231934,2461
16.1484,NULL,0.00219727,2462
16.1445,NULL,0.00195313,2463
16.1367,NULL,0.0020752,2464
16.1328,NULL,0.00231934,2465
16.1289,NULL,0.00262451,2466
16.125,NULL,0.00268555,2467
16.1211,NULL,0.00262451,2468
16.1211,NULL,0.00244141,2469
16.1211,NULL,0.00256348,2470
16.1211,NULL,0.00274658,2471
16.1211,NULL,0.00268555,2472
16.1172,NULL,0.00286865,2473
16.1172,NULL,0.00274658,2474
16.1133,NULL,0.00268555,2475
16.1094,NULL,0.00299072,2476
16.1055,NULL,0.00311279,2477
16.1016,NULL,0.00311279,2478
16.0977,NULL,0.00286865,2479
16.0898,NULL,0.00201416,2480
16.0898,NULL,0.00134277,2481
16.0859,NULL,0.00128174,2482
16.082,NULL,0.00146484,2483
16.0781,NULL,0.00195313,2484
16.0742,NULL,0.00231934,2485
16.0703,NULL,0.0020752,2486
16.0664,NULL,0.00177002,2487
16.0625,NULL,0.00189209,2488
16.0625,NULL,0.00213623,2489
16.0664,NULL,0.00256348,2490
16.0664,NULL,0.00292969,2491
16.0664,NULL,0.00262451,2492
16.0664,NULL,0.00219727,2493
16.0664,NULL,0.00189209,2494
16.0625,NULL,0.00183105,2495
16.0586,NULL,0.00213623,2496
16.0547,NULL,0.00231934,2497
16.0508,NULL,0.00189209,2498
16.043,NULL,0.00109863,2499
16.043,NULL,0.000244141,2500
16.0391,NULL,-0.000305176,2501
16.0352,NULL,-0.000366211,2502
16.0313,NULL,-0.000244141,2503
16.0313,NULL,-0.000305176,2504
16.0273,NULL,-0.000549316,2505
16.0273,NULL,-0.000854492,2506
16.0273,NULL,-0.000732422,2507
16.0273,NULL,-0.000610352,2508
16.0234,NULL,-0.000488281,2509
16.0234,NULL,-0.000366211,2510
16.0156,NULL,-0.0010376,2511
16.0156,NULL,-0.00177002,2512
16.0117,NULL,-0.00213623,2513
16.0078,NULL,-0.00231934,2514
16.0039,NULL,-0.00262451,2515
16,NULL,-0.00274658,2516
15.9922,NULL,-0.00305176,2517
15.9883,NULL,-0.00372314,2518
15.9883,NULL,-0.00396729,2519
15.9844,NULL,-0.00421143,2520
15.9844,NULL,-0.00457764,2521
15.9844,NULL,-0.0045166,2522
15.9844,NULL,-0.00439453,2523
15.9805,NULL,-0.00427246,2524
15.9805,NULL,-0.00396729,2525
15.9766,NULL,-0.00384521,2526
15.9727,NULL,-0.00366211,2527
15.9688,NULL,-0.00372314,2528
15.9609,NULL,-0.00402832,2529
15.9531,NULL,-0.00390625,2530
15.9453,NULL,-0.00402832,2531
15.9375,NULL,-0.0043335,2532
15.9336,NULL,-0.00439453,2533
15.9297,NULL,-0.00445557,2534
15.9258,NULL,-0.00402832,2535
15.9219,NULL,-0.00317383,2536
15.918,NULL,-0.00305176,2537
15.918,NULL,-0.00305176,2538
15.9141,NULL,-0.00286865,2539
15.9141,NULL,-0.00256348,2540
15.9102,NULL,-0.00189209,2541
15.9063,NULL,-0.00115967,2542
15.8984,NULL,-0.000976563,2543
15.8945,NULL,-0.00128174,2544
15.8945,NULL,-0.00134277,2545
15.8906,NULL,-0.00164795,2546
15.8906,NULL,-0.00183105,2547
15.8906,NULL,-0.00183105,2548
15.8867,NULL,-0.00213623,2549
15.8867,NULL,-0.00274658,2550
15.8828,NULL,-0.00323486,2551
15.8828,NULL,-0.00341797,2552
15.8789,NULL,-0.00366211,2553
15.875,NULL,-0.003479,2554
15.8711,NULL,-0.00341797,2555
15.8633,NULL,-0.00372314,2556
15.8594,NULL,-0.00360107,2557
15.8555,NULL,-0.0032959,2558
15.8477,NULL,-0.00244141,2559
15.8438,NULL,-0.00164795,2560
15.8398,NULL,-0.000976563,2561
15.8359,NULL,-0.000793457,2562
15.832,NULL,-0.00146484,2563
15.832,NULL,-0.00219727,2564
15.832,NULL,-0.00256348,2565
15.832,NULL,-0.00268555,2566
15.832,NULL,-0.00256348,2567
15.832,NULL,-0.00238037,2568
15.832,NULL,-0.00292969,2569
15.832,NULL,-0.00323486,2570
15.8281,NULL,-0.00341797,2571
15.8242,NULL,-0.00341797,2572
15.8203,NULL,-0.00299072,2573
15.8164,NULL,-0.00244141,2574
15.8086,NULL,-0.00238037,2575
15.8047,NULL,-0.00244141,2576
15.8008,NULL,-0.00280762,2577
15.8008,NULL,-0.00335693,2578
15.7969,NULL,-0.00366211,2579
15.7969,NULL,-0.00354004,2580
15.793,NULL,-0.00360107,2581
15.7891,NULL,-0.00408936,2582
15.7852,NULL,-0.0045166,2583
15.7813,NULL,-0.00500488,2584
15.7773,NULL,-0.00494385,2585
15.7734,NULL,-0.00439453,2586
15.7695,NULL,-0.00366211,2587
15.7617,NULL,-0.00286865,2588
15.7578,NULL,-0.00262451,2589
15.7539,NULL,-0.00250244,2590
15.7539,NULL,-0.00268555,2591
15.7539,NULL,-0.00311279,2592
15.75,NULL,-0.00317383,2593
15.75,NULL,-0.0032959,2594
15.7461,NULL,-0.00360107,2595
15.7461,NULL,-0.003479,2596
15.7422,NULL,-0.003479,2597
15.7383,NULL,-0.0032959,2598
15.7344,NULL,-0.00268555,2599
15.7305,NULL,-0.00238037,2600
15.7227,NULL,-0.00231934,2601
15.7188,NULL,-0.00268555,2602
15.7188,NULL,-0.00286865,2603
15.7188,NULL,-0.00311279,2604
15.7188,NULL,-0.00286865,2605
15.7188,NULL,-0.00244141,2606
15.7188,NULL,-0.00189209,2607
15.7188,NULL,-0.00183105,2608
15.7188,NULL,-0.00238037,2609
15.7188,NULL,-0.00280762,2610
15.7188,NULL,-0.00335693,2611
15.7148,NULL,-0.00323486,2612
15.7148,NULL,-0.00280762,2613
15.7148,NULL,-0.00299072,2614
15.7109,NULL,-0.003479,2615
15.7109,NULL,-0.00402832,2616
15.7148,NULL,-0.00445557,2617
15.7148,NULL,-0.0043335,2618
15.7188,NULL,-0.00390625,2619
15.7188,NULL,-0.00341797,2620
15.7188,NULL,-0.00305176,2621
15.7227,NULL,-0.00280762,2622
15.7227,NULL,-0.00280762,2623
15.7188,NULL,-0.00280762,2624
15.7188,NULL,-0.00238037,2625
15.7148,NULL,-0.00170898,2626
15.7148,NULL,-0.0012207,2627
15.7109,NULL,-0.000915527,2628
15.7109,NULL,-0.000915527,2629
15.7148,NULL,-0.00115967,2630
15.7148,NULL,-0.00128174,2631
15.7148,NULL,-0.00134277,2632
15.7148,NULL,-0.00140381,2633
15.7109,NULL,-0.00170898,2634
15.7109,NULL,-0.00183105,2635
15.7109,NULL,-0.00201416,2636
15.7109,NULL,-0.00213623,2637
15.7109,NULL,-0.00183105,2638
15.7109,NULL,-0.00158691,2639
15.707,NULL,-0.00177002,2640
15.707,NULL,-0.0020752,2641
15.7031,NULL,-0.0022583,2642
15.7031,NULL,-0.00256348,2643
15.7031,NULL,-0.00231934,2644
15.7031,NULL,-0.00170898,2645
15.707,NULL,-0.00128174,2646
15.7031,NULL,-0.000671387,2647
15.7031,NULL,-0.000183105,2648
15.7031,NULL,-0.000244141,2649
15.6992,NULL,-0.000183105,2650
15.6992,NULL,0,2651
15.6953,NULL,6.10352e-05,2652
15.6914,NULL,0.000305176,2653
15.6914,NULL,0.00012207,2654
15.6914,NULL,-0.00012207,2655
15.6914,NULL,-0.000305176,2656
15.6914,NULL,-0.000427246,2657
15.6914,NULL,-0.000305176,2658
15.6914,NULL,0,2659
15.6914,NULL,6.10352e-05,2660
15.6875,NULL,0.000305176,2661
15.6875,NULL,0.000366211,2662
15.6875,NULL,0.000305176,2663
15.6875,NULL,0.000305176,2664
15.6875,NULL,0.000366211,2665
15.6875,NULL,0.000366211,2666
15.6875,NULL,0.000305176,2667
15.6875,NULL,-0.00012207,2668
15.6914,NULL,-0.000671387,2669
15.6953,NULL,-0.000793457,2670
15.6953,NULL,-0.000732422,2671
15.6953,NULL,-0.000366211,2672
15.6953,NULL,6.10352e-05,2673
15.6914,NULL,0.000183105,2674
15.6875,NULL,0.000305176,2675
15.6875,NULL,0.000793457,2676
15.6836,NULL,0.00128174,2677
15.6797,NULL,0.00170898,2678
15.6758,NULL,0.00170898,2679
15.6719,NULL,0.0012207,2680
15.668,NULL,0.000854492,2681
15.668,NULL,0.000671387,2682
15.668,NULL,0.000915527,2683
15.668,NULL,0.00164795,2684
15.668,NULL,0.00183105,2685
15.668,NULL,0.00189209,2686
15.6641,NULL,0.00183105,2687
15.668,NULL,0.00170898,2688
15.668,NULL,0.00189209,2689
15.6641,NULL,0.00256348,2690
15.6641,NULL,0.00274658,2691
15.6641,NULL,0.00244141,2692
15.6602,NULL,0.00231934,2693
15.6602,NULL,0.00183105,2694
15.6602,NULL,0.00146484,2695
15.6602,NULL,0.00158691,2696
15.6602,NULL,0.00158691,2697
15.668,NULL,0.00164795,2698
15.6719,NULL,0.00189209,2699
15.6719,NULL,0.00201416,2700
15.6758,NULL,0.00238037,2701
15.6758,NULL,0.00299072,2702
15.668,NULL,0.00384521,2703
15.6641,NULL,0.0045166,2704
15.6602,NULL,0.00476074,2705
15.6563,NULL,0.0045166,2706
15.6563,NULL,0.0043335,2707
15.6563,NULL,0.00427246,2708
15.6563,NULL,0.00445557,2709
15.6563,NULL,0.00500488,2710
15.6523,NULL,0.00524902,2711
15.6523,NULL,0.00537109,2712
15.6484,NULL,0.00543213,2713
15.6445,NULL,0.00531006,2714
15.6445,NULL,0.00543213,2715
15.6406,NULL,0.00579834,2716
15.6406,NULL,0.00598145,2717
15.6367,NULL,0.00604248,2718
15.6367,NULL,0.00610352,2719
15.6367,NULL,0.00567627,2720
15.6367,NULL,0.00549316,2721
15.6406,NULL,0.00549316,2722
15.6406,NULL,0.00537109,2723
15.6367,NULL,0.00585938,2724
15.6367,NULL,0.00616455,2725
15.6328,NULL,0.00610352,2726
15.6289,NULL,0.00604248,2727
15.6289,NULL,0.00585938,2728
15.6289,NULL,0.00598145,2729
15.6289,NULL,0.0065918,2730
15.6328,NULL,0.00714111,2731
15.6328,NULL,0.00720215,2732
15.6328,NULL,0.00671387,2733
15.6328,NULL,0.00598145,2734
15.6289,NULL,0.00567627,2735
15.6289,NULL,0.00567627,2736
15.6289,NULL,0.00579834,2737
15.6289,NULL,0.00598145,2738
15.625,NULL,0.00579834,2739
15.625,NULL,0.00524902,2740
15.625,NULL,0.00518799,2741
15.6211,NULL,0.00494385,2742
15.625,NULL,0.00469971,2743
15.6289,NULL,0.00476074,2744
15.6328,NULL,0.00457764,2745
15.6328,NULL,0.00427246,2746
15.6328,NULL,0.00415039,2747
15.6328,NULL,0.00360107,2748
15.6406,NULL,0.00311279,2749
15.6445,NULL,0.00286865,2750
15.6445,NULL,0.00250244,2751
15.6445,NULL,0.00231934,2752
15.6445,NULL,0.00231934,2753
15.6367,NULL,0.00231934,2754
15.6328,NULL,0.00250244,2755
15.6328,NULL,0.00286865,2756
15.6328,NULL,0.00305176,2757
15.6289,NULL,0.00292969,2758
15.6289,NULL,0.00256348,2759
15.6289,NULL,0.00219727,2760
15.6328,NULL,0.00189209,2761
15.6328,NULL,0.00195313,2762
15.6328,NULL,0.00219727,2763
15.6328,NULL,0.00219727,2764
15.6328,NULL,0.00201416,2765
15.6289,NULL,0.00164795,2766
15.6289,NULL,0.00152588,2767
15.625,NULL,0.00170898,2768
15.625,NULL,0.00183105,2769
15.625,NULL,0.00164795,2770
15.6211,NULL,0.00109863,2771
15.6211,NULL,0.000427246,2772
15.6211,NULL,0.000244141,2773
15.6211,NULL,0.00012207,2774
15.6172,NULL,0.000244141,2775
15.6172,NULL,0.000610352,2776
15.6172,NULL,0.000732422,2777
15.6133,NULL,0.000915527,2778
15.6094,NULL,0.000976563,2779
15.6094,NULL,0.000854492,2780
15.6094,NULL,0.0010376,2781
15.6094,NULL,0.00158691,2782
15.6055,NULL,0.00195313,2783
15.6055,NULL,0.00213623,2784
15.6055,NULL,0.00170898,2785
15.6055,NULL,0.0012207,2786
15.6055,NULL,0.000732422,2787
15.6094,NULL,0.000671387,2788
15.6094,NULL,0.000915527,2789
15.6133,NULL,0.000915527,2790
15.6094,NULL,0.000671387,2791
15.6094,NULL,0.00012207,2792
15.6094,NULL,-0.000305176,2793
15.6094,NULL,-0.000610352,2794
15.6055,NULL,-0.000366211,2795
15.6055,NULL,0.00012207,2796
15.6016,NULL,0.000427246,2797
15.6016,NULL,0.000793457,2798
15.5977,NULL,0.00115967,2799
15.5977,NULL,0.0012207,2800
15.5977,NULL,0.00140381,2801
15.5977,NULL,0.00152588,2802
15.5977,NULL,0.00128174,2803
15.5977,NULL,0.000915527,2804
15.5977,NULL,0.000549316,2805
15.5977,NULL,0.00012207,2806
15.5977,NULL,0,2807
15.5977,NULL,-0.00012207,2808
15.5977,NULL,-0.000183105,2809
15.5938,NULL,-0.00012207,2810
15.5938,NULL,-0.000183105,2811
15.5938,NULL,-0.000183105,2812
15.5977,NULL,-0.000244141,2813
15.5977,NULL,-0.000488281,2814
15.5977,NULL,-0.000488281,2815
15.5977,NULL,-0.000610352,2816
15.5938,NULL,-0.000793457,2817
15.5938,NULL,-0.000732422,2818
15.5938,NULL,-0.000610352,2819
15.5938,NULL,-0.000305176,2820
15.5977,NULL,0.00012207,2821
15.5977,NULL,0.000488281,2822
15.5938,NULL,0.000549316,2823
15.5898,NULL,0.000305176,2824
15.5898,NULL,0,2825
15.5898,NULL,-0.000244141,2826
15.5898,NULL,-0.000305176,2827
15.5938,NULL,-6.10352e-05,2828
15.5977,NULL,-6.10352e-05,2829
15.5977,NULL,-0.000244141,2830
15.5977,NULL,-0.000671387,2831
15.5938,NULL,-0.00109863,2832
15.5938,NULL,-0.00134277,2833
15.5938,NULL,-0.00140381,2834
15.5938,NULL,-0.00109863,2835
15.5938,NULL,-0.000915527,2836
15.5938,NULL,-0.00109863,2837
15.5938,NULL,-0.00128174,2838
15.5977,NULL,-0.00152588,2839
15.5977,NULL,-0.00152588,2840
15.5977,NULL,-0.00109863,2841
15.5938,NULL,-0.0010376,2842
15.5938,NULL,-0.00140381,2843
15.5898,NULL,-0.00158691,2844
15.5898,NULL,-0.00195313,2845
15.5859,NULL,-0.00219727,2846
15.5859,NULL,-0.00195313,2847
15.5898,NULL,-0.00201416,2848
15.5898,NULL,-0.00213623,2849
15.5898,NULL,-0.0022583,2850
15.5898,NULL,-0.00238037,2851
15.5977,NULL,-0.00231934,2852
15.6016,NULL,-0.00201416,2853
15.6094,NULL,-0.00152588,2854
15.6211,NULL,-0.00146484,2855
15.6328,NULL,-0.00164795,2856
15.6406,NULL,-0.00213623,2857
15.6406,NULL,-0.00250244,2858
15.6328,NULL,-0.00250244,2859
15.625,NULL,-0.00213623,2860
15.6133,NULL,-0.00152588,2861
15.6016,NULL,-0.00134277,2862
15.5938,NULL,-0.00189209,2863
15.5898,NULL,-0.00244141,2864
15.5859,NULL,-0.00299072,2865
15.582,NULL,-0.00305176,2866
15.5781,NULL,-0.0022583,2867
15.5781,NULL,-0.0020752,2868
15.5742,NULL,-0.00231934,2869
15.5742,NULL,-0.00244141,2870
15.5742,NULL,-0.00274658,2871
15.5742,NULL,-0.00274658,2872
15.5781,NULL,-0.00231934,2873
15.5781,NULL,-0.00201416,2874
15.5781,NULL,-0.00189209,2875
15.5781,NULL,-0.00170898,2876
15.5742,NULL,-0.00158691,2877
15.5742,NULL,-0.00140381,2878
15.5742,NULL,-0.0012207,2879
15.5742,NULL,-0.0010376,2880
15.5742,NULL,-0.0012207,2881
15.5742,NULL,-0.00128174,2882
15.5742,NULL,-0.0012207,2883
15.5742,NULL,-0.00109863,2884
15.5742,NULL,-0.00109863,2885
15.5781,NULL,-0.000854492,2886
15.582,NULL,-0.000488281,2887
15.5859,NULL,-0.00012207,2888
15.5898,NULL,0.000427246,2889
15.5898,NULL,0.00109863,2890
15.5898,NULL,0.00177002,2891
15.582,NULL,0.00268555,2892
15.5781,NULL,0.00384521,2893
15.5742,NULL,0.00427246,2894
15.5703,NULL,0.0043335,2895
15.5703,NULL,0.00421143,2896
15.5703,NULL,0.00408936,2897
15.5703,NULL,0.00427246,2898
15.5781,NULL,0.00482178,2899
15.582,NULL,0.00506592,2900
15.5859,NULL,0.00494385,2901
15.5859,NULL,0.00463867,2902
15.582,NULL,0.00457764,2903
15.5781,NULL,0.00482178,2904
15.5703,NULL,0.00488281,2905
15.5664,NULL,0.00537109,2906
15.5664,NULL,0.00543213,2907
15.5664,NULL,0.00531006,2908
15.5625,NULL,0.00500488,2909
15.5625,NULL,0.00408936,2910
15.5625,NULL,0.00274658,2911
15.5625,NULL,0.0020752,2912
15.5586,NULL,0.00244141,2913
15.5586,NULL,0.00317383,2914
15.5586,NULL,0.00408936,2915
15.5586,NULL,0.0045166,2916
15.5586,NULL,0.00445557,2917
15.5586,NULL,0.00427246,2918
15.5586,NULL,0.00415039,2919
15.5586,NULL,0.00415039,2920
15.5664,NULL,0.00415039,2921
15.5664,NULL,0.00396729,2922
15.5703,NULL,0.00390625,2923
15.5703,NULL,0.00384521,2924
15.5703,NULL,0.00378418,2925
15.5625,NULL,0.00402832,2926
15.5586,NULL,0.00372314,2927
15.5508,NULL,0.00341797,2928
15.5508,NULL,0.00292969,2929
15.5469,NULL,0.00250244,2930
15.5469,NULL,0.00244141,2931
15.5469,NULL,0.00262451,2932
15.5469,NULL,0.00286865,2933
15.5469,NULL,0.00280762,2934
15.543,NULL,0.00274658,2935
15.5391,NULL,0.00219727,2936
15.5391,NULL,0.00128174,2937
15.5352,NULL,0.000732422,2938
15.5313,NULL,0.000183105,2939
15.5273,NULL,-6.10352e-05,2940
15.5273,NULL,-6.10352e-05,2941
15.5234,NULL,0,2942
15.5195,NULL,0.00012207,2943
15.5195,NULL,0.000427246,2944
15.5156,NULL,0.000915527,2945
15.5156,NULL,0.00128174,2946
15.5156,NULL,0.0012207,2947
15.5156,NULL,0.000915527,2948
15.5117,NULL,0.000427246,2949
15.5156,NULL,-6.10352e-05,2950
15.5156,NULL,-0.000244141,2951
15.5156,NULL,-6.10352e-05,2952
15.5195,NULL,-6.10352e-05,2953
15.5234,NULL,0,2954
15.5234,NULL,6.10352e-05,2955
15.5273,NULL,0,2956
15.5273,NULL,0,2957
15.5234,NULL,0.000244141,2958
15.5234,NULL,0.000305176,2959
15.5195,NULL,0.000244141,2960
15.5156,NULL,0.00012207,2961
15.5117,NULL,-0.000183105,2962
15.5117,NULL,-0.000305176,2963
15.5156,NULL,-0.000305176,2964
